type,size,x1,x2,fmin,time
2,1,1,0,-1.08042666028538,0.097184833
5,1,1,0,-1.24156629923988,0.415452375
6,1,1,0,-1.24156629923988,0.838473458
2,1,0.723814516811576,0.689994597988147,-2.69022660427103,0.0869815
5,1,0.723803847886542,0.690005789674721,-2.69022660420128,0.492050625
6,1,0.723774646151486,0.690036420479594,-2.69022660426906,0.950368375
2,1,-0.937793260944266,0.3471941815865,-2.71443401938924,0.099937208
5,1,-0.93780376661888,0.34716580378177,-2.71443402060431,0.501731833
6,1,-0.937809579852683,0.347150100009398,-2.71443402060423,0.99832075
2,1,0.848536256958748,0.529137241768559,-2.95273063920712,0.101069417
5,1,0.848590506331931,0.529050236332351,-2.95273064057975,0.499096375
6,1,0.848566914876991,0.529088074876145,-2.95273064058029,0.945163167
2,1,-1,0,-2.35538679457343,0.077190084
5,1,-1,0,-2.35538679457343,0.37773225
6,1,-1,0,-2.35538679457343,0.746461458
2,11,0.53766866509282,0.122548908992374,-0.72651612190873,0.054783709
5,11,-0.743425780384722,0.215589195535078,-0.789515300125087,0.251986542
6,11,-0.742304415759458,0.214602491245618,-0.789512256104208,0.503748917
2,11,-0.743386017692449,0.517175539429706,-1.12169451374284,0.038260875
5,11,-0.742313207933738,0.517297616038767,-1.12212390979656,0.243329167
6,11,-0.742799207542522,0.517240460869107,-1.12212691620317,0.46299
2,11,0.929407940098414,0.369054035179164,-1.20705444895445,0.054788375
5,11,0.929415048613233,0.369036132934515,-1.20719356854834,0.258932
6,11,-0.78179361405768,0.124605946761435,-1.20755218602731,0.5675855
2,11,-0.806820340428029,0.204148020347486,-1.4593581510518,0.052228916
5,11,-0.806826294956127,0.204151448464027,-1.4597373554979,0.262224042
6,11,0.468586263700105,0.76495674333942,-1.45973156456445,0.520986084
2,11,-0.0215391671143201,0,-1.43846343208119,0.107217042
5,11,-0.0215341349037049,0,-1.43865343361531,0.521312333
6,11,-0.0215461387794829,0,-1.43865260413759,0.988442416
2,21,-0.226862182030022,0.324383147564122,-0.829840003697629,0.04881
5,21,-0.22668239520277,0.324411278747331,-0.829888195290561,0.240019208
6,21,-0.227269332371035,0.324299291199047,-0.829913506616864,0.454111583
2,21,0.92521230282176,0.379449857961834,-0.763182314945957,0.104029459
5,21,0.18729475321365,0.197058070450355,-0.761574052404207,0.33963675
6,21,0.187681676423029,0.197123638872669,-0.763018928872326,0.716207833
2,21,0.121817319732078,0.613492287077987,-0.728428498411353,0.086237875
5,21,0.122818991674362,0.613648098064707,-0.727919558824138,0.262715166
6,21,-0.979596330753767,0.0747790130015464,-0.745676174159101,0.623462833
2,21,0.576544542930829,0.711768297386007,-0.962945168674981,0.050709125
5,21,0.576665205641991,0.711908674751337,-0.963480548445483,0.309308958
6,21,0.57656125099868,0.711769142651111,-0.96354384354335,0.541063541
2,21,-0.0675860269613013,0.930029991532569,-0.715980643298583,0.045276625
5,21,-0.0675998304306606,0.930024670351543,-0.849851278150689,0.240829834
6,21,-0.0673850607015958,0.929896415166828,-0.850022641262913,0.487961875
2,31,-0.342748955786738,0.2834052180378,-0.735783815972772,0.0570165
5,31,-0.342520486544198,0.283578566629851,-0.736072914797032,0.265477291
6,31,-0.342745065686789,0.283411184092885,-0.736069174685542,0.529966792
2,31,0.324889835932906,0.221963649300209,-0.621030288096211,0.076611542
5,31,-0.222763942775314,0.950501417323936,-0.774178455597864,0.296909917
6,31,0.324060219207357,0.221717170320972,-0.774390906102543,0.669100292
2,31,0.736446126247075,0.319238692925006,-0.437968208632778,0.072852875
5,31,0.0156198757339777,0.13513578552126,-0.439595446090385,0.738328833
6,31,-1,0,-0.553430323832298,1.157975042
2,31,0.755274643911464,0.388248072413395,-0.651203463608443,0.112019209
5,31,-0.612624030787819,0.403863152979487,-0.677895301451252,0.579581292
6,31,0.754359861531342,0.389070971211842,-0.681766943429444,1.111822292
2,31,-0.036902225721189,0.908839097920111,-0.690975700732748,0.100694833
5,31,-0.506560370829451,0.857981942966313,-0.705538794075125,0.5167735
6,31,-0.506515227166896,0.858828997372867,-0.705207132835419,1.07407675
2,41,-0.135676189553116,0.544416548971584,-0.800082444226027,0.109616208
5,41,-0.136527117181895,0.544167979785241,-0.800833904824565,0.589373458
6,41,-0.135102494154446,0.545055139234933,-0.800450771013724,1.046842583
2,41,-0.37304136436606,0.526376180670742,-0.635478743722195,0.131436166
5,41,0.608700622291499,0.540903298942699,-0.63531272945057,0.825930792
6,41,-0.373460983738913,0.526027518080632,-0.635829039191723,1.229155583
2,41,-0.267250386689951,0.955621726691228,-0.67573203163195,0.096546375
5,41,-0.266636360236808,0.954485153074549,-0.676614327030212,0.554756291
6,41,0.470445388958496,0.652034154243131,-0.676494339695007,1.125842584
2,41,-0.0850558267254659,0.560327950074894,-0.487332772732024,0.312551375
5,41,-0.536785646104134,0.258452788635407,-0.487041383858402,0.722711083
6,41,-0.0845676271023217,0.561743332497866,-0.501906296721598,1.430649083
2,41,-0.945156918467764,0.326616593994427,-0.52177648061122,0.121018333
5,41,0.52886734137325,0,-0.590138872683886,0.78211675
6,41,0.527270474514345,0,-0.590932628423472,1.44791925
2,51,0.228216460408031,0.973610418596078,-0.566056454268534,0.117021792
5,51,-0.535449087746686,0.162761385735341,-0.577861167148716,0.753913208
6,51,0.228197368092762,0.97361489368001,-0.577627035742948,1.500752792
2,51,-0.933441703728376,0.358729125860539,-0.381739664480916,0.253527959
5,51,-0.188059103466805,0.911374364906373,-0.521921204133947,0.705444
6,51,-0.188458131167098,0.909221837926117,-0.522009211209182,1.453451458
2,51,-0.195700170041331,0.660594586145307,-0.510738135555574,0.131358834
5,51,-0.302110236644369,0.535863318833062,-0.505808639588088,0.787476875
6,51,-0.195446025254132,0.660775994319991,-0.511924417816566,1.465210958
2,51,0.279795441483493,0.61798273622308,-0.634853704633132,0.091859583
5,51,0.279796683446173,0.617981642838744,-0.637548494550391,0.563621791
6,51,0.279796246410068,0.617986851547549,-0.636843770538272,1.145853042
2,51,-0.413298047354324,0.774352445173217,-0.840408396739128,0.138713375
5,51,-0.413894316284785,0.774752065271923,-0.840305364561976,0.655519791
6,51,-0.412507093538862,0.773813989261544,-0.841055780490775,1.47596425
2,61,0.790710528493397,0.0196131820516844,-0.302772024372627,0.226789959
5,61,0.345786627927015,0.783435994319896,-0.675566038314889,0.855817166
6,61,0.345905498372593,0.783809890090932,-0.67611043840904,1.564271917
2,61,-0.395253550859454,0.126621605155883,-0.491711272301018,0.132113959
5,61,0.232072126814563,0.290406888373072,-0.491483953224521,0.546500458
6,61,-0.395242719230013,0.126623451035578,-0.492589149765825,1.571023333
2,61,-0.950561694140082,0.310535771906455,-0.463452762484677,0.114289042
5,61,0.236991140367948,0.971511811244258,-0.550327666281974,0.8889965
6,61,0.23413844386031,0.972203265324013,-0.550335847681974,1.609624792
2,61,0.51101194966091,0.0853622047048572,-0.645327053082442,0.131733667
5,61,-0.578293056677763,0.815829112374822,-0.645327396321979,0.611118417
6,61,0.5099135599643,0.0835913735111697,-0.646892891284217,1.312509458
2,61,-0.322722722941649,0.853160806663508,-0.386918207839833,0.176014458
5,61,-0.964770473690628,0.263093012249966,-0.434447195736877,0.849740833
6,61,-0.323204329583549,0.853469907632083,-0.435001303497722,1.454865292
2,71,-0.458955469748199,0.136095691965602,-0.434911449517585,0.12210575
5,71,0.822001174556246,0.287707688643715,-0.584849320905604,0.677970417
6,71,0.82087770505538,0.284795523620318,-0.58529529553438,1.34638675
2,71,-0.160065338147905,0.402936184214676,-0.757094274498853,0.140117
5,71,-0.160064330028577,0.402936308771922,-0.757095050202349,0.7041965
6,71,-0.160058740030512,0.40292896541339,-0.757275438524359,1.332513583
2,71,-0.725154412206205,0.266308360248223,-0.506123587751622,0.135269292
5,71,0.803309611159264,0.595561641326195,-0.519940012891716,0.667344667
6,71,-0.724246655075642,0.266206241363002,-0.520153207405191,1.144352458
2,71,-0.227602682812173,0.91264847598871,-0.505699168231831,0.122151333
5,71,-0.224965607034184,0.913866301848016,-0.519098640388994,0.910871417
6,71,-0.226317279330819,0.913242735994167,-0.51921438940697,1.6654565
2,71,0.448525069538686,0.732215006735948,-0.658116306096079,0.140726
5,71,0.449139355077985,0.731962304994148,-0.658288630341443,0.860285541
6,71,0.688039474203832,0.725673261142585,-0.659417069852999,1.811800417
2,81,-0.721162684285816,0.267658138735707,-0.571304792137641,0.14160825
5,81,0.563063524604327,0.0488636528856173,-0.572309474890121,0.74324425
6,81,-0.720649298364184,0.267982412830064,-0.574092382328972,1.637813125
2,81,-0.208121861497343,0.672394627190682,-0.455531163420079,0.110595708
5,81,-0.207904915426912,0.672103057674816,-0.45647845812174,0.787363333
6,81,-0.208486915409045,0.674161430891216,-0.456576357755445,1.482377542
2,81,-0.473146910641402,0.777916789930473,-0.426905676679972,0.159232291
5,81,0.258314186296538,0.616560084697973,-0.525823461123085,0.751910292
6,81,0.258291158281741,0.615912037487877,-0.526108005488344,1.710677792
2,81,-0.698789932639638,0.715326939267277,-0.428964307368918,0.168927375
5,81,-0.128929591536058,0.771090007232222,-0.549895141600507,0.75767475
6,81,-0.380325599512536,0,-0.550521069330665,1.800933167
2,81,0.108836685154671,0.286137670762903,-0.569213406836251,0.192288792
5,81,0.108733745367163,0.286383965912536,-0.678906315609634,0.990384875
6,81,-0.164469238045156,0.98638221280437,-0.677919076791833,1.621974875
2,91,0.901759088585391,0.289865404900029,-0.395843699057753,0.215991667
5,91,0.901548508538477,0.28907979356241,-0.541996983704147,0.880156333
6,91,0.454684465533649,0.855154075696319,-0.541429805257156,1.63711375
2,91,-0.546834138505194,0.837240959918518,-0.537162103651361,0.138229625
5,91,-0.546891259243476,0.83720364939666,-0.537169572479955,0.683217833
6,91,-0.546868872627387,0.837218272705064,-0.537168568407259,1.621126708
2,91,-0.961220037518841,0,-0.39278991349237,0.179667792
5,91,-0.963160549303446,0,-0.393562682774241,1.055953708
6,91,-0.961303267022765,0,-0.393310219634248,2.136351334
2,91,0.245243478809571,0.39671076519388,-0.52818707796088,0.165148084
5,91,0.152571264054472,0.497028618360233,-0.528840910088642,0.95746175
6,91,0.153427687913524,0.49589954368588,-0.528909651436501,1.995179084
2,91,-0.494601478742098,0.75319966806905,-0.490111652522824,0.179050333
5,91,-0.4945952951274,0.753187945802386,-0.490189371176176,0.896456792
6,91,-0.495011713072592,0.752950472767967,-0.490146577313766,1.83732475
2,101,0.218925975383271,0.179276808165157,-0.465515241220632,0.29992525
5,101,0.22196232801341,0.180870605487245,-0.525220360743508,0.894388333
6,101,0.00479290884862148,0.605932670938658,-0.512687666592083,1.84395325
2,101,-0.461590270911501,0.874135912314504,-0.402172464385169,0.109372291
5,101,-0.992014949816842,0.126120336741892,-0.371724945796939,1.251315334
6,101,-0.461551288435847,0.874150370257723,-0.404195927819509,1.986843458
2,101,-0.380512150725529,0.388580198651481,-0.510144187523477,0.204942791
5,101,-0.380632106849749,0.387994507077052,-0.515001105114606,1.093337542
6,101,-0.380745817757927,0.38744899068991,-0.515262068505892,2.210538667
2,101,-0.719216543358114,0.341352462151041,-0.353685145372369,0.2127495
5,101,-0.920180351227006,0.391494726932233,-0.476185488539008,0.861710917
6,101,0.911247324909965,0.198272003504685,-0.476936995311155,1.83944725
2,101,-0.125390407228975,0.776946884363439,-0.426306698518672,0.141669
5,101,-0.125797997525404,0.77646433667178,-0.427099011664817,1.0723595
6,101,-0.125663147527614,0.776635141847521,-0.426649389084746,1.449088375
2,111,-0.0855996308169847,0.741042795073217,-0.319184280999469,0.157915666
5,111,-0.902083403977598,0.35245170155125,-0.363833074253411,0.989654333
6,111,-0.0854949293630888,0.742383686364158,-0.365088624271378,2.927456334
2,111,0.536458553698841,0.0946700508755113,-0.550463725379197,0.17363075
5,111,0.536060110374894,0.0958896343080091,-0.551921272160054,0.890419333
6,111,0.536457863658251,0.0946689975908671,-0.551776249754752,1.843598291
2,111,0.203073414776043,0.659309413213051,-0.442911016276631,0.138331375
5,111,0.203076328134851,0.65930744495437,-0.446388905114833,0.850360709
6,111,0.202387674519686,0.660746516430164,-0.447115251622813,1.674065875
2,111,-0.469616769331835,0.621458233898874,-0.444417516326844,0.173913292
5,111,0.528142451573285,0,-0.444445093898156,0.856708
6,111,-0.469621259481599,0.621469750767537,-0.445486243582835,1.897354167
2,111,-0.568292585982212,0.75410721926034,-0.326993693614895,0.314953667
5,111,-0.568695722458914,0.754715966043767,-0.416245822526118,1.346388167
6,111,0.938287881447329,0,-0.419784288243564,2.593649917
2,121,0.487908540187012,0.630783678288527,-0.343408328299139,0.153740916
5,121,0.490672604956119,0.628428014253281,-0.381176792235936,1.0772045
6,121,0.48782423802323,0.630751590928368,-0.381175943345191,2.521670791
2,121,0.193645997038565,0.978285069506815,-0.331766391772532,0.504633166
5,121,0.509041399084593,0.624663923128049,-0.402416634828761,1.270683875
6,121,0.194877177494804,0.979045165355833,-0.330523727864213,2.318517583
2,121,0.9781093076607,0.148483086092107,-0.360867149807935,0.263000292
5,121,0.977643909352291,0.147917298103871,-0.444276362661826,0.95863775
6,121,0.977839706778734,0.148158258622689,-0.445972733517859,3.237812917
2,121,0.342338004681797,0.82485192860737,-0.393492088793459,0.206334166
5,121,0.342009475424722,0.823858271505159,-0.393876564407953,1.489476791
6,121,0.69146475977545,0.267008960555824,-0.394345243034373,2.529656292
2,121,-0.129484061541442,0.810473892454936,-0.381175243090907,0.141226875
5,121,-0.129459069152549,0.810478128719613,-0.462141837282458,0.855000125
6,121,0.149349423867197,0.158589979813467,-0.462460499712821,1.930602208
2,131,0.586636983019391,0.110845855349848,-0.382525501320902,0.180955666
5,131,0.56071592758177,0.325344409357907,-0.452206270176785,1.382805084
6,131,0.586620431976863,0.110866011131822,-0.452611340405864,2.194710542
2,131,0.671669444876291,0.740850968022297,-0.482007771547805,0.259105667
5,131,0.671517359785223,0.740988822794975,-0.482062411784861,1.078669542
6,131,0.671930328904824,0.74061436193059,-0.482315172988678,2.406893084
2,131,-0.180618046356718,0.545764366401517,-0.343851817688832,0.28562425
5,131,0.499750172134922,0.466730057426959,-0.34350848720279,1.363333792
6,131,-0.181192226190253,0.545836381479798,-0.43518187889138,2.904492
2,131,0.408361087049668,0.26748315252448,-0.485321406263719,0.19196775
5,131,0.409233882733705,0.267431746796413,-0.486056195588266,0.923776667
6,131,0.407420306401834,0.267553880094595,-0.485318896368478,1.821335709
2,131,0.710153532720943,0.424403033033449,-0.341692815053263,0.206440167
5,131,-0.529289129377447,0.607607862458683,-0.53092763015934,1.003373417
6,131,0.708346435765917,0.425162438572514,-0.53083067724722,2.195021209
2,141,0.108333786407035,0.225667333940722,-0.491357834643534,0.271620875
5,141,0.109375972140131,0.226380231448125,-0.491629804903475,1.061104666
6,141,0.108332478772616,0.225671479846361,-0.492114049671132,2.361856291
2,141,-0.765278594334907,0.213622201205877,-0.515287972574531,0.258749916
5,141,-0.765584976231821,0.212802644217128,-0.514480966739694,1.148492833
6,141,0.29963430968431,0.841405376478831,-0.514955080964168,1.85677625
2,141,-0.0559111475644632,0.415086417561393,-0.451339249988158,0.147729541
5,141,0.760579991480622,0.537746910028616,-0.452593234467127,1.027913583
6,141,-0.0559191605838444,0.41451634797819,-0.452184543978334,1.793920583
2,141,0.479264652975628,0.490348726472021,-0.280850580965862,0.413498875
5,141,-0.261900381963674,0,-0.393216730798891,1.322509042
6,141,0.403764731625693,0.914862853926878,-0.393438158559076,2.257533083
2,141,0.208207575730515,0.0780948826547003,-0.472779333153593,0.177956791
5,141,0.20832983960227,0.078515835331281,-0.473069070867504,1.079207417
6,141,0.208263064342651,0.0783186791794398,-0.473879801954744,2.381616417
2,151,0.975881011092821,0.218303119969581,-0.413674298972196,0.180788542
5,151,-0.720577964726898,0.451649653122796,-0.512864726795819,1.090472167
6,151,-0.720581633563713,0.451649055084488,-0.513021493176381,2.185093917
2,151,0.324667877263643,0.89493976434545,-0.451341667919492,0.198805292
5,151,0.324617128073728,0.894547524152192,-0.451475751799254,1.114288458
6,151,0.324892743225437,0.896563452999479,-0.452019757926136,2.388493375
2,151,-0.5538112684876,0.768979811279228,-0.428500897380809,0.182958458
5,151,0.731592021373857,0.681742703856898,-0.440636692856175,1.335691041
6,151,-0.37709012636186,0.352735788761783,-0.440527421742916,2.511441625
2,151,0.693130860766146,0,-0.330650582363335,0.198024417
5,151,0.693357376275523,0,-0.330703994055884,1.497626208
6,151,0.692409303893218,0,-0.339540338889372,3.18499175
2,151,-0.602971937272236,0.262459312838002,-0.455996364916378,0.22585175
5,151,0.657520769054141,0.432836745006059,-0.456382188363838,1.240528541
6,151,0.657641184134634,0.433012518096652,-0.457223988342015,2.750226458
2,161,0.308020479037135,0.711083432861926,-0.370664882913738,0.327238666
5,161,0.308293663081241,0.711033839250696,-0.370484373638601,1.087588958
6,161,0.308521905425204,0.710986973753305,-0.370806273923063,2.243750916
2,161,0.544599850478255,0.306204800144851,-0.399498088617439,0.269380333
5,161,-0.7180908507918,0,-0.400142509442144,1.54844075
6,161,0.545980940588551,0.306898731824804,-0.400349676818723,2.770609084
2,161,0.286288206202417,0.465930617595463,-0.295242722826489,0.245344916
5,161,0.606054119076667,0.795423412246713,-0.300559972623144,1.713012375
6,161,-0.945404706232777,0.047802491275074,-0.302035887436969,4.532806291
2,161,0.856795288528747,0.202053005208312,-0.250258824582194,0.635258417
5,161,0.651047214331625,0.684368348250488,-0.317652925249177,1.282068458
6,161,-0.360049350510641,0.123300695976218,-0.318681283640145,2.869148417
2,161,0.601918487078046,0.621557854385548,-0.385779519504957,0.189644791
5,161,-0.631811765542313,0,-0.38598259072506,1.195480209
6,161,-0.631780841031336,0,-0.387583850232398,2.627517875
2,171,0.435471674001115,0.744680443866914,-0.322652934980331,0.392647625
5,171,-0.223720999305769,0.21442993864659,-0.32381589329781,2.76232475
6,171,0.654140405576835,0.278323480111506,-0.323903904611651,5.064215875
2,171,0.00109048518256768,0.802427081682657,-0.322927516613501,0.382697375
5,171,-0.00089983451524102,0.80218111754839,-0.327177424005356,1.677358125
6,171,-0.313182952008292,0.59794738820314,-0.326070877769554,3.713230459
2,171,0.808551180848372,0.240013445465089,-0.310356377500422,0.314620458
5,171,-0.76470352647027,0.557573169342364,-0.410138457106978,1.491791208
6,171,-0.110990418145074,0.456786866446434,-0.409818695176967,3.1106505
2,171,-0.467725266382407,0.259527763484106,-0.360768470663531,0.185900083
5,171,-0.468464248994522,0.261078651580943,-0.362471763185871,1.450942667
6,171,-0.0542181951084325,0.237831302653432,-0.36205996993269,2.533109667
2,171,-0.508305398745941,0.0896044890814054,-0.291640346573696,0.283772625
5,171,-0.507448795733004,0.0912412159708128,-0.292400785047591,1.359395333
6,171,-0.5077176467731,0.0907177224676116,-0.292176286933484,2.73109975
2,181,0.129588213229036,0.991567897318235,-0.283638044594867,0.242469709
5,181,0.471340338838363,0.319307194612421,-0.389807490873754,1.858725958
6,181,-0.946300147323223,0.323289392303623,-0.38962209413435,3.501436875
2,181,-0.635428619982824,0.246749881401802,-0.257314930084561,0.4373075
5,181,0.870735060835954,0.49175243144392,-0.312769923018813,2.498871792
6,181,0.992153914538698,0,-0.312867145012498,3.081139667
2,181,-0.651136990873188,0.199905447479503,-0.357713440882732,0.409233375
5,181,0.51424878134992,0.765018296814918,-0.354708715710463,1.485031792
6,181,0.153794263155156,0.392664966152061,-0.358013952544296,3.061622917
2,181,0.134912849064637,0.95795240875375,-0.337418982905979,0.210792708
5,181,-0.980233133015319,0.197845912110843,-0.331786020635238,1.782115958
6,181,0.134002296335214,0.956309197043774,-0.33927516882452,3.335172125
2,181,0.948209536445312,0.196224389558772,-0.315331884253175,0.262781042
5,181,-0.326906703794109,0.437556075749581,-0.39704261004434,1.347528875
6,181,-0.327434129550343,0.438023201080423,-0.39719388296386,2.515951667
2,191,0.0679364382475937,0.997689651323612,-0.399614214279467,0.387838584
5,191,0.346991705953501,0.632998334197503,-0.391457813522928,2.16926125
6,191,0.345259575511,0.634593532597191,-0.402007057000483,3.822008417
2,191,-0.322181980373698,0.393278545565814,-0.38713972114045,0.443034916
5,191,-0.0486472639124023,0.218618771947836,-0.42222042936949,1.475377333
6,191,-0.320544865327491,0.391724698297457,-0.422287643346015,3.58250225
2,191,0.00426500666212022,0.999990904817725,-0.366042754701736,0.241031167
5,191,0.652612436768307,0,-0.356572425295644,1.382164041
6,191,-0.962056922365239,0.00665091125590495,-0.366030384363167,2.684473166
2,191,-0.172364019375663,0.91256003744876,-0.429412402145382,0.245720584
5,191,-0.778564135792055,0,-0.429568883834624,1.694534292
6,191,0.785092148003497,0.305335371917094,-0.429965464757799,3.301311791
2,191,-0.99987357372045,0.0159008356854463,-0.383237892535614,0.378871958
5,191,-0.315607769984715,0.66802150558047,-0.356834653497226,1.571958166
6,191,-0.0292908167513397,0.313686507797561,-0.382423773323604,3.228252458
2,201,0.155911709301982,0.98064878823676,-0.451225276632205,0.305259
5,201,0.156063839559977,0.980594618819853,-0.452663176364831,1.855906709
6,201,-0.54063206573572,0.841259157155706,-0.452043587358385,2.878986917
2,201,-0.912998138710128,0,-0.339118618542359,0.516254708
5,201,0.540548157963014,0.667001012040709,-0.374957754891719,1.485574375
6,201,0.545645534037686,0.670510667259564,-0.375945031558858,3.676511708
2,201,-0.627949384715545,0.584239148670015,-0.381863028387231,0.204508458
5,201,-0.627492257725741,0.582979322084793,-0.382413342261916,1.871065084
6,201,-0.627404189424233,0.582788303352454,-0.382296982446265,2.808477167
2,201,0.29727371766424,0.954792300338708,-0.424752841660499,0.280966833
5,201,0.295797201116027,0.955250760696857,-0.426290126397715,1.77107025
6,201,0.298091201830032,0.954537393396156,-0.426851957466276,4.341644458
2,201,-0.0246768502822908,0.796489836328371,-0.298339245285367,0.30644825
5,201,0.873623372199489,0.0384704537546353,-0.305384065173041,1.655686959
6,201,-0.0242551637266599,0.796116661044975,-0.304155019103527,3.412843792
2,211,-0.149566869947418,0.629368105047383,-0.262599477821401,0.330030458
5,211,0.840731218234471,0.349909308553198,-0.369370734497691,2.211408875
6,211,0.843233885162159,0.351034131404149,-0.36857753829255,3.488489875
2,211,-0.141013925370584,0.487587365971065,-0.256477152025338,0.535451542
5,211,-0.828177599026,0.220254999203818,-0.254589045603857,2.590170458
6,211,-0.139986552870142,0.485605847995377,-0.258240660268913,4.5720745
2,211,0.543084349762332,0.337011352857846,-0.312637383684224,0.250189583
5,211,0.54205065178379,0.336823068042772,-0.342616874726756,1.697714875
6,211,0.54244688120899,0.336906848681534,-0.350893412678586,3.050692875
2,211,-0.415916481834381,0.128726238421374,-0.375372976375549,0.236271292
5,211,0.53575180989497,0.771180819842923,-0.375797844088294,2.046790667
6,211,-0.416729307381393,0.128290512034425,-0.376303062465286,3.061447125
2,211,0.667149128230096,0.229252374580877,-0.301065096920488,0.261053833
5,211,0.0730103669557901,0.345818946528138,-0.310535324636837,1.647217375
6,211,0.465347171029536,0.0240339499938461,-0.312553829573834,3.798163125
2,221,-0.36038289731773,0.632025596753747,-0.340089764984416,0.350266833
5,221,0.943167065558372,0,-0.340294001068177,1.894287209
6,221,-0.359362930289371,0.630849916360265,-0.341202321017789,3.896149375
2,221,0.199835316373434,0,-0.314573146638947,0.480158958
5,221,0.194977704016281,0,-0.316882508598338,3.984541125
6,221,0.12709784309705,0.73944217579182,-0.316957635143039,8.050669166
2,221,0.99924198432657,0.038928867940105,-0.189227435140049,0.379722584
5,221,-0.384514459899956,0.640085464002712,-0.266235463529081,1.741770791
6,221,-0.217546104602446,0.976050046038778,-0.283868952863253,3.714489042
2,221,0.202619949678172,0.158641772990385,-0.3349912823988,0.424748167
5,221,0.20158768213194,0.158813325774027,-0.335989111004665,2.057667084
6,221,-0.626421364199824,0.779484621063195,-0.336158040569035,4.222055375
2,221,0.760065000215782,0.466192247085067,-0.244681664529094,0.339106709
5,221,0.75988700720585,0.466205928160518,-0.247518290459305,2.088085625
6,221,-0.118265362049688,0.957186398663978,-0.349545232003511,3.724339875
2,231,-0.447111335963977,0.0590623386115386,-0.376958579996713,0.345159042
5,231,-0.446064343094164,0.0595368737251238,-0.377042335188707,1.544196125
6,231,0.0826211513067835,0.723515886657327,-0.377919942353793,3.655734584
2,231,-0.0532974938382104,0.333382088270625,-0.355427851400934,1.913791417
5,231,-0.0539567596169513,0.333589232779031,-0.35528613458459,1.541506542
6,231,0.782091228299696,0.599407302367953,-0.355110728008043,3.668017667
2,231,0.922652771286305,0.171407357175967,-0.226890470973631,0.270400291
5,231,0.419690195341917,0.342419859035307,-0.308705810099656,2.2824995
6,231,-0.502791803233967,0.599714995025512,-0.308687033995961,3.755771416
2,231,0.11467736572409,0.17621766102545,-0.319567002352417,0.8981675
5,231,-0.902670283764813,0.151529220563563,-0.319276720096179,3.244216625
6,231,0.238415418421169,0.971163265501254,-0.31723417535137,4.43847125
2,231,-0.279757655263634,0.388243936704944,-0.231581489134793,0.2824935
5,231,-0.231007780380409,0.923707751894425,-0.312080808460115,1.857118292
6,231,-0.231017296544111,0.923531869414563,-0.312119390460609,3.962165375
2,241,0.840098959453926,0.264355648165642,-0.312899655357777,0.303051917
5,241,0.0366943086248046,0.402991910769525,-0.372910293922883,1.966727333
6,241,-0.188345044307163,0.982102919395382,-0.373201048005645,4.086987167
2,241,-0.994328206312154,0,-0.235133589108434,0.45606025
5,241,0.511704845785966,0.543127564407194,-0.279672514795144,2.4326285
6,241,0.510163282513764,0.547244828430265,-0.278246173503853,3.943000458
2,241,-0.543979650397404,0.245304195805576,-0.364316920722371,0.265347583
5,241,-0.160216957457887,0.442745179590384,-0.365708121772357,1.898141958
6,241,0.0986051545751129,0.0223694985039889,-0.365742927884464,3.978550375
2,241,-0.715049739733583,0.202485056833098,-0.290507579141945,0.830425834
5,241,-0.0748454472211415,0.790189895190372,-0.311902366712732,1.656308709
6,241,-0.672465276240996,0.142683927646357,-0.311978377977194,4.045666041
2,241,0.961763473216545,0.273881400585084,-0.298502207131108,0.257615333
5,241,-0.0761568053260554,0.328321240150048,-0.369682568976167,1.428290292
6,241,-0.681145904176581,0.240992928333517,-0.370605798919095,3.18514375
2,251,-0.50718945806883,0.62824857637138,-0.319589386870667,0.294292875
5,251,-0.9879769140576,0.0814830206659994,-0.320360023300496,1.75330925
6,251,-0.256294562313481,0.166341602815505,-0.305546103765785,4.205035292
2,251,-0.636301034132419,0.220552434310908,-0.27721434196049,1.701017042
5,251,-0.636979645605262,0.21800049518702,-0.276453874613427,1.743043375
6,251,-0.495743806890638,0.749854997143217,-0.283915359333702,6.801898458
2,251,0.314495911326632,0.150266699861559,-0.419179552606347,0.314694584
5,251,0.314113215077038,0.150921863024625,-0.420007777817744,2.326853583
6,251,0.876085726241955,0.297502261971876,-0.419924216235343,3.531830458
2,251,-0.999229969850196,0.0392360466048334,-0.242009541614071,0.505603833
5,251,-0.506735487916922,0.0904945786560895,-0.272250117566772,1.962612375
6,251,0.210447963306824,0.376563131891174,-0.274949892383033,5.623214625
2,251,-0.381105373306338,0.447747365611387,-0.24576163764516,0.356814083
5,251,0.731875202802874,0.188756639674529,-0.297531629621004,2.022875167
6,251,0.435756594154877,0.747949419598867,-0.285983663610113,4.113430709
2,261,-0.45178643854462,0.220452933834368,-0.388910881367961,0.641354625
5,261,-0.453294879191257,0.217526723229824,-0.389131716659131,1.906243
6,261,0.565299288405908,0.400427701833538,-0.388881276657646,3.521262959
2,261,0.605943312542053,0.701247130226195,-0.21947796355533,0.28985075
5,261,0.838342391599689,0.545144049263049,-0.261719120058285,2.081659708
6,261,0.912389610336924,0.351112282145097,-0.280007061390562,7.053879291
2,261,-0.559035859674434,0.358401955033466,-0.324474246866876,0.374434084
5,261,-0.269760726939044,0.94128760117408,-0.325571818406585,2.061979875
6,261,-0.558640343229727,0.357527172891586,-0.325407352548808,4.417917834
2,261,-0.589853920349899,0.740093210958426,-0.253594695883449,0.2208235
5,261,0.690715153551937,0.477654844639903,-0.295320558773426,2.181788542
6,261,-0.589612078778137,0.740012493997353,-0.295758488539815,4.065111916
2,261,0.89157608875364,0.452870928590875,-0.262668651775802,0.378645958
5,261,-0.543226124891186,0.272451611681843,-0.27842376846706,2.029120958
6,261,-0.298265216671467,0.629018727864213,-0.279025661689606,4.557236917
2,271,0.88814967007926,0.389302439648495,-0.300073622734872,0.44252025
5,271,-0.906758208695459,0.243880896502474,-0.281719447956908,1.71923775
6,271,-0.906724396564765,0.243416135272142,-0.299746102932221,4.15711425
2,271,0.928244400980284,0.0113139536247658,-0.365763800557479,0.425010583
5,271,-0.900179553933528,0.0554400464886841,-0.361153769328764,2.02287575
6,271,0.0651675552991713,0.417834015090356,-0.368459708080032,3.040340209
2,271,-0.24284210286682,0.237719653171283,-0.31281037488891,0.363574917
5,271,-0.150141505407035,0.335067576115706,-0.31592729232346,1.958484167
6,271,0.994727481431127,0.041526730599687,-0.316892191860255,6.489567542
2,271,0.879323428601449,0.293846629674078,-0.202190404330951,0.374168
5,271,-0.86746619606531,0.22648701583363,-0.338968528118325,1.733619875
6,271,0.474548487506072,0.603776662246248,-0.338965708137141,3.406419583
2,271,0.291926822116325,0.298175720353707,-0.364903887409553,0.378063416
5,271,-0.592280421938563,0.0501482530894049,-0.36552306288458,1.599812
6,271,0.292890076436132,0.301729780088298,-0.365098025908299,3.319208834
2,281,0.811676297243602,0.0966638054288646,-0.297441865279912,0.247670333
5,281,0.812547592912663,0.0971345835292376,-0.371204678805753,1.552888542
6,281,0.283446619034292,0.744402335797507,-0.372345990076192,3.897347125
2,281,0.82449427239424,0.0838148058152415,-0.220793100265301,1.014364458
5,281,-0.343090476583963,0,-0.28892686144802,3.508919875
6,281,0.823713254423872,0.0839441376895072,-0.299603831106466,5.169757958
2,281,-0.250414275681168,0.0801042128687078,-0.137004580142506,1.598528625
5,281,0.898453046944504,0.439069610012053,-0.263787780878581,3.034199291
6,281,0.898136082025628,0.43971761184157,-0.264391667112873,9.302069334
2,281,-0.995199013330292,0.0978719769209404,-0.197575077565344,0.724023375
5,281,0.364754828628415,0.327887394789883,-0.354124208654759,1.947430458
6,281,0.47243199355324,0,-0.356386442053039,5.21083725
2,281,-0.992959768476643,0.0759631953317058,-0.181954983832274,0.706295458
5,281,-0.693790657845854,0.53371116976162,-0.338108903956211,2.533258291
6,281,0.340736772504622,0,-0.338133291659333,3.776681
2,291,-0.44631756818898,0.533230770321466,-0.307574331611684,0.483401041
5,291,0.590685851846771,0.509880105201947,-0.307935101522946,2.214246709
6,291,-0.14296765900626,0.219738676776971,-0.307715163837174,5.476620041
2,291,0.973055881531382,0.23056940694113,-0.286422134391739,0.7853945
5,291,-0.313426786249767,0.426045535512116,-0.261278527369317,2.468328875
6,291,-0.341630486965153,0.93983435262601,-0.286453317159404,6.889135834
2,291,-0.863691738782778,0.504020416608675,-0.205969850885345,0.255075375
5,291,-0.0837390152549933,0.724478274562593,-0.244373987325622,3.70934225
6,291,0.715521624493193,0.520344350080066,-0.234400943787348,5.980095667
2,291,0.0699439172661329,0.40693726968886,-0.318160671752509,0.270013417
5,291,-0.3174877546494,0,-0.35582162234258,5.008010792
6,291,-0.293671151874633,0,-0.351928852583793,4.157757708
2,291,-0.0949514611831282,0.85046644894374,-0.14762931000356,0.672215542
5,291,0.632556159762317,0.356015485157456,-0.299705939794039,2.528017458
6,291,0.63654316579451,0.357122704410849,-0.301310635788249,9.396466417
2,301,0.336001190909704,0.423270539161195,-0.306752146685821,0.837238625
5,301,0.337503389527664,0.425550439397363,-0.306284130486538,2.63531925
6,301,-0.463163252335367,0.196116313402202,-0.305850688106521,5.66604725
2,301,0.456702339210815,0,-0.229061719525385,0.282646167
5,301,-0.00855691146101396,0.356899154810871,-0.301090015348316,3.482077708
6,301,-0.590372113096603,0.778439890211514,-0.301258469703242,7.733578708
2,301,0.173300208144818,0.213262446598882,-0.415264875218684,0.25139825
5,301,0.173516529647216,0.213198715583957,-0.415486475052585,1.4661665
6,301,0.173520179589642,0.213195089911563,-0.415658404203966,3.898438625
2,301,0.213819618469826,0.75815974613825,-0.256885980894362,0.365880791
5,301,-0.592775233689743,0.725319111879157,-0.264282055269105,1.984323125
6,301,-0.766489322938371,0.000331902434809166,-0.264598885766238,4.436916416
2,301,0.95862513407694,0.284671481388581,-0.341280406762206,0.389850375
5,301,-0.579414351989198,0.399669863513804,-0.341466859999122,2.269260041
6,301,-0.576933904335592,0.397900282093427,-0.341483679137378,4.997468625
2,311,0.213845361410067,0.351140626563484,-0.239290358170101,0.372471416
5,311,0.0478449245256576,0.903925813224439,-0.280202614481758,2.30748125
6,311,1,0,-0.281565177590199,4.9679525
2,311,0.539276479759783,0.318634827806288,-0.345215502266353,0.389676625
5,311,0.539353095695182,0.31849493822529,-0.345057033845184,1.747491833
6,311,-0.550824603361865,0.834621025574628,-0.345369630938966,6.287277042
2,311,-0.418700333825566,0.632266025045162,-0.33824110620696,0.176834375
5,311,-0.418891170461973,0.623772605553503,-0.33977162315951,1.385254209
6,311,-0.419174358303742,0.62136647627654,-0.340385685685031,5.180659666
2,311,0.338922696891665,0.105845134451406,-0.267934842004651,0.328437625
5,311,-0.473886977350156,0.880585675955459,-0.268953296943167,3.738656958
6,311,0.490200125704173,0.225034324132019,-0.268561693182624,7.957221834
2,311,0.726799757541956,0.457314859094849,-0.309816995704901,0.27792575
5,311,-0.337004716693596,0.628412079022424,-0.311594181332793,1.950561834
6,311,-0.584500428759886,0.0638173086621689,-0.311740961324615,3.456675667
2,321,-0.937891261495151,0.346929361125624,-0.228796645512593,0.39688425
5,321,-0.277277771622062,0.333758870288409,-0.255075687114593,6.653707334
6,321,-0.0074816126140657,0.897883339208671,-0.242407894706726,15.180355333
2,321,0.82080979590825,0.571201609715043,-0.2750414071818,0.558006709
5,321,0.640708775635762,0.145209776649131,-0.287873097225655,3.593044167
6,321,-0.273667874746319,0.312961760796265,-0.320045010266313,6.082017625
2,321,-0.907789670368289,0.0917230084743837,-0.203791252486406,0.653927375
5,321,-0.486481106397715,0.478519580011704,-0.297921933687434,2.732683083
6,321,-0.486398977989372,0.478415576008787,-0.310868535242398,5.04508825
2,321,0.0283239109961503,0.861902949370432,-0.285198309534966,0.429527
5,321,-0.312597261072025,0.273152095715133,-0.283419980310259,2.862269417
6,321,-0.022570284951009,0.730511329418565,-0.283811615552468,6.250584833
2,321,-0.712276206798028,0.452226119360557,-0.221475024765911,1.132763458
5,321,-0.768159237994326,0.0836578219260269,-0.223776738818874,5.436462041
6,321,0.678937889607517,0.0427724519994697,-0.248858100123326,10.568481833
2,331,-0.851931900699237,0,-0.302626804382866,0.666974
5,331,0.37628529721808,0.05361866671231,-0.368135885463214,3.146070834
6,331,0.376771270983054,0.0539706612064059,-0.368664778719702,5.433684792
2,331,-0.483696812430461,0.239976526257528,-0.260536177744335,0.295125417
5,331,0.964711916885107,0.179448398360022,-0.34176871765013,2.691574167
6,331,-0.206755330951152,0.885499738256858,-0.34486982930068,7.192295292
2,331,0.444715412977172,0.00256824860934193,-0.260483081388463,1.836449292
5,331,-0.453918215238658,0.231846382350993,-0.300818510123533,2.774826208
6,331,0.420718617009109,0.0483197938002628,-0.301303989491616,7.051035125
2,331,-0.544585080273081,0.609525051881516,-0.330029948968741,0.527424
5,331,-0.544469441105709,0.610040976425147,-0.330349339832297,2.625511875
6,331,0.764731356343965,0.172088296991487,-0.331291739017078,5.793856959
2,331,-0.496995839710456,0.453676681106577,-0.232225032908564,0.627334875
5,331,0.526140154529626,0.212049520798306,-0.252188524737359,2.697719334
6,331,-0.489267473007725,0.581635049302097,-0.253590381567077,5.337151625
2,341,-0.653305864044191,0.241991502419018,-0.303246588377742,0.35955575
5,341,-0.653362130124446,0.242344965524953,-0.303600449852249,1.98077975
6,341,0.489477214510392,0.565043590575365,-0.303604935698601,3.561877
2,341,-0.57630842989157,0.746353565258895,-0.322878351213266,0.513963542
5,341,-0.575941828829567,0.745972528779576,-0.322944051373908,2.092131
6,341,0.187575633253522,0.330355662397659,-0.322881260787965,4.810099583
2,341,-0.0044694183547872,0.558936085062446,-0.321411853431555,0.29076475
5,341,0.925773037775746,0.15038251415121,-0.322849517710538,1.829966084
6,341,0.578363216618957,0.59620448270543,-0.323084825334907,4.678757208
2,341,-0.0731118462100229,0.554276967567227,-0.277562382012796,0.334018459
5,341,0.410287750100858,0.48819924855883,-0.2788993578378,2.906827833
6,341,-0.0725856792613171,0.553016927919534,-0.278900034833968,5.650753
2,341,0.414742731724588,0.824886382679858,-0.266861957572869,0.570673916
5,341,0.00997120497380805,0.186315127186196,-0.26585187634017,4.64480225
6,341,0.686225104217536,0.331162174447427,-0.257965815227857,4.766136667
2,351,0.0733184620808989,0.643992476238372,-0.248717893723873,0.36613275
5,351,-0.516572571461289,0.115060022635375,-0.296382387049082,2.7331695
6,351,-0.519210383138755,0.114283481254,-0.29588523067403,5.442829292
2,351,-0.034806626935421,0.75571094698009,-0.296783244947603,0.427973542
5,351,-0.46688983638677,0.0597801850601217,-0.298529820877744,4.035905834
6,351,-0.0358733273258496,0.756744584532374,-0.298534480253048,4.254080208
2,351,-0.78546149893744,0,-0.149826658950873,1.728136625
5,351,-0.4288745209195,0.524196877676395,-0.297026927597263,3.441059333
6,351,-0.881983988621627,0.47127936918041,-0.296622227580569,9.4954735
2,351,0.143291817315525,0.697214727825103,-0.274003523811419,0.884992584
5,351,-0.0265843347989912,0.0531149153434473,-0.25960478945953,5.304176
6,351,-0.230187934767675,0.620765226009408,-0.274094077972948,6.005709792
2,351,0.731295732990015,0,-0.198379271650391,0.855117125
5,351,-0.0776288496579768,0.204512614909604,-0.33152946132349,2.345882667
6,351,-0.0779210205864106,0.205292100385714,-0.331523712357453,3.828660625
2,361,0.740210988422075,0.48051810408884,-0.2637417458264,0.371547917
5,361,0.740060784818419,0.482774821483337,-0.28309404083036,3.390906958
6,361,-0.28603974904207,0.675102353796222,-0.291023955742744,5.204709083
2,361,-0.974821852639677,0.222985101780695,-0.179061410734578,0.731374291
5,361,0.153684827499296,0.0181768083467087,-0.362549451993474,3.157092375
6,361,0.154395643490037,0.01802912146769,-0.362542177988197,5.913785291
2,361,-0.853302286342887,0,-0.281411226101509,0.454050958
5,361,0.639153882515902,0.477410235935094,-0.284248163232672,2.564742542
6,361,0.6631078183542,0.735541378199181,-0.281476562984393,4.380143042
2,361,-0.417914292887123,0.507959940435112,-0.262221254125456,0.853737875
5,361,-0.416961372303675,0.508095331825113,-0.262421483031267,3.74039225
6,361,0.985947817847589,0.142649544310048,-0.262147936860144,7.391600292
2,361,0.388240146626005,0.547096394280492,-0.329508631332849,0.420873792
5,361,0.38819261779943,0.547093717368691,-0.329473862715673,2.002647125
6,361,-0.173677702654053,0.605141993243265,-0.330086293275127,8.027197625
2,371,-0.101466371851476,0.242821868807707,-0.194351689907656,0.580230084
5,371,-0.455916214602497,0.0793599670461132,-0.247097712614365,2.442004583
6,371,0.371966176910818,0.14463000544155,-0.24862544460541,13.300567
2,371,-0.882106683655933,0.123543620165021,-0.196065782245533,2.030568042
5,371,0.762017688565208,0.105908614113367,-0.273768563258726,2.155938791
6,371,0.504123396269305,0.615349090219361,-0.273589960373379,5.4530375
2,371,-0.0521100407418944,0.170888040425715,-0.254149017151024,0.776029375
5,371,-0.446955706308737,0.83525832957022,-0.254332161772817,2.707282417
6,371,-0.0517241148009707,0.170862563363622,-0.254198236542853,7.484626417
2,371,-0.621509206108634,0.145541366485038,-0.264527326312463,1.375820042
5,371,-0.61535779566715,0.14527205227327,-0.279846030897328,3.028710958
6,371,-0.503445968118418,0.138785081130445,-0.278968676729721,8.987197334
2,371,0.181783774725486,0.600559465379934,-0.240416677857742,0.823155541
5,371,-0.474245218960003,0,-0.287682331160903,3.089861041
6,371,0.181615164282966,0.605184407070867,-0.288994205127493,8.586781958
2,381,0.21791722914674,0.919282072807426,-0.313312726234503,0.482790125
5,381,0.688520280113584,0.221295798481459,-0.313444046922105,2.479416625
6,381,0.217039407780039,0.918923274603637,-0.313376417446864,5.935384208
2,381,-0.757067386178868,0.49301481832828,-0.284789220787696,0.450189958
5,381,-0.757045840264218,0.492776319986337,-0.284896655959515,2.405395042
6,381,-0.757319265996732,0.495979158081186,-0.285548684296885,8.842814459
2,381,-0.389036065097555,0.76685813904534,-0.208678594224044,0.560020791
5,381,-0.878601053443474,0.477556477171044,-0.232493684491923,6.718952541
6,381,0.235635935677844,0.539182732828816,-0.252489747519322,5.750476792
2,381,-0.453832561713309,0.332685648978824,-0.374761099061113,0.476369042
5,381,-0.453812728861719,0.331897248910828,-0.374835819042664,1.396827
6,381,-0.454089770060048,0.332465070879718,-0.374911669540678,4.281438208
2,381,-0.0522434810490487,0.656438469479062,-0.224040476934785,0.30557025
5,381,0.755642163646879,0.587101580464947,-0.33193815749214,2.68056175
6,381,0.755491874112057,0.590957092861561,-0.333725362744586,7.379155583
2,391,-0.072256626426836,0.103453212420735,-0.201563994034181,1.604491958
5,391,0.43311147548589,0.774266506020099,-0.212308310205776,4.189378125
6,391,0.523766064343465,0.38060656114686,-0.212403719302351,6.180684334
2,391,0.347763313873582,0.230101032537361,-0.275636104081841,0.6331225
5,391,0.346855660685503,0.230942093876762,-0.27556252388378,2.245372167
6,391,0.942361875881687,0.151053859852872,-0.275442310479824,5.433102667
2,391,0.415541461731015,0.46502808382968,-0.244713477081445,0.715349
5,391,0.828964936425445,0,-0.243309409620232,2.883015667
6,391,-0.997147855449636,0.0754728717632443,-0.246257890096328,13.568990041
2,391,-0.0801122325070947,0.774434389663432,-0.280996169851782,0.601070833
5,391,-0.0802086947738497,0.774435731326659,-0.280902330203058,2.343606666
6,391,0.347579528354477,0.937650506035633,-0.281251712973179,5.593771083
2,391,-0.376106258842821,0.506872995496997,-0.245070298191011,0.393822
5,391,-0.375189878890588,0.50459167852913,-0.250469752656251,5.334284459
6,391,0.748911086534981,0.111391741744885,-0.251409968319177,11.420295208
