numTries,size,x1,x2,fmin,time
1,1,0.219789012404014,0.975547430946578,-2.50078019873748,0.06626775
2,1,0.231835632865489,0.972754973944548,-2.5007976819237,0.104937792
3,1,0.228563810813667,0.973528933512679,-2.50080201225131,0.16972225
4,1,0.227134116583124,0.973863487909883,-2.50080177517078,0.239756541
1,1,-1,0,-3.35050470324984,0.057797084
2,1,-1,0,-3.35050470324984,0.130828083
3,1,-1,0,-3.35050470324984,0.166755917
4,1,-1,0,-3.35050470324984,0.237720041
1,1,1,0,-2.89482568895461,0.049244166
2,1,1,0,-2.89482568895461,0.105926166
3,1,1,0,-2.89482568895461,0.159492125
4,1,1,0,-2.89482568895461,0.204874458
1,1,1,0,-2.77024676986781,0.04872225
2,1,1,0,-2.77024676986781,0.122139875
3,1,1,0,-2.77024676986781,0.177739458
4,1,1,0,-2.77024676986781,0.221554208
1,1,0.0829402834678369,0.996554519019544,-2.47224337474777,0.058826416
2,1,0.082178173360629,0.996617653778574,-2.47224422190291,0.140800292
3,1,0.0830826967814911,0.996542656134455,-2.47224317781587,0.144970375
4,1,0.0759221745019627,0.997113746479755,-2.47223801839223,0.230560667
1,1,-0.612230348495096,0.790679454887739,-2.85624123357527,0.057898709
2,1,-0.607500729393203,0.794319119615489,-2.85624304973715,0.101180625
3,1,-0.612632762864283,0.790367697888315,-2.85624000728462,0.191306084
4,1,-0.607197332181894,0.794551068082594,-2.85624237795544,0.216192916
1,1,-0.666848935059213,0.74519292657029,-2.43896894662934,0.0653245
2,1,-0.670140595154421,0.742234183210446,-2.43896493214851,0.095838791
3,1,-0.669887664611527,0.742462468277902,-2.43896565179633,0.167858458
4,1,-0.669035509722508,0.743230439857211,-2.43896757125679,0.195382
1,1,1,0,-2.71276894648859,0.050058292
2,1,1,0,-2.71276894648859,0.089865792
3,1,1,0,-2.71276894648859,0.129490375
4,1,1,0,-2.71276894648859,0.176195917
1,1,-0.560040311417952,0.828465358109126,-2.15544946208743,0.058188041
2,1,-0.555698006703288,0.831384222454331,-2.15546758771477,0.088218167
3,1,-0.554634721933848,0.832093940144599,-2.15546978557878,0.191674292
4,1,-0.548776259831748,0.835969267763521,-2.15546623045048,0.206153167
1,1,1,0,-2.91372625972868,0.045291666
2,1,1,0,-2.91372625972868,0.08573325
3,1,1,0,-2.91372625972868,0.133840833
4,1,1,0,-2.91372625972868,0.196280917
1,11,-0.528472442689319,0.666940548058608,-1.30978995600793,0.027218083
2,11,-0.528770727748256,0.666897358767583,-1.30973354819281,0.05091475
3,11,-0.528841291951463,0.666816530036954,-1.30978697215002,0.086659708
4,11,-0.528821428064577,0.666885654882946,-1.30972809182979,0.102084042
1,11,-0.929113455332863,0,-0.90523305102103,0.1997125
2,11,-0.927904419175207,0,-0.904181247013478,0.094527667
3,11,-0.928470929933549,0,-0.904674035531884,0.625905834
4,11,-0.991080092379816,0.133267589789922,-0.905401028673431,1.8150315
1,11,-0.865328731563634,0.248426724396846,-1.17984784987009,0.0196465
2,11,-0.865152628999538,0.248523181614739,-1.17979357861159,0.036230334
3,11,-0.865191835872955,0.2485120810612,-1.17979555148909,0.073746917
4,11,-0.865150858614017,0.248472085845997,-1.17983223819035,0.080924125
1,11,-0.408090327264886,0,-0.864844296008728,0.031732666
2,11,-0.408480598369185,0,-0.865082733228048,0.1212915
3,11,-0.408530114817139,0,-0.865112993328129,0.108472333
4,11,-0.40827612592254,0,-0.864957796452888,0.159387875
1,11,-0.138556401923936,0.990354544335458,-1.39456051537013,0.048183833
2,11,-0.133284073985033,0.991077875659603,-1.39517151968354,0.183105125
3,11,-0.138324965293226,0.990386896105067,-1.39458751568862,0.172555791
4,11,-0.138585602765915,0.990350458527691,-1.3945571075121,0.297054125
1,11,-1,0,-0.550807551891477,0.542470916
2,11,-0.205718531826146,0,-0.44475065880271,0.424297417
3,11,-1,0,-0.550807551891477,1.590731833
4,11,0.876740946090604,0.480962902361661,-0.750795111883622,1.172121083
1,11,0.261148410644284,0.372965060802457,-0.951029265632696,0.015287
2,11,0.261153435153229,0.373072601663055,-0.951009483752804,0.030645208
3,11,0.261090831154205,0.372966679403413,-0.951086073538631,0.056943917
4,11,0.261152949955081,0.372938732666109,-0.95102839601554,0.06016325
1,11,0.656900860040394,0.55733315631798,-0.766018525308112,0.056642916
2,11,0.660649356965271,0.558175240920122,-0.765145358666022,0.033910042
3,11,0.660250835916886,0.558107994657612,-0.765257398350802,0.088203958
4,11,0.660232234847091,0.558128760454413,-0.765284174696827,0.084034583
1,11,0.800052661925447,0,-0.889903268135483,0.151540375
2,11,0.794234854261608,0,-0.887173679400778,0.1263995
3,11,0.794283693446718,0,-0.887196469849461,0.254311083
4,11,0.794468544415673,0,-0.887282748244741,0.30328375
1,11,-0.113794093031202,0.554073407672468,-1.2806229745575,0.022189875
2,11,-0.113806412494316,0.554215926389478,-1.28063830220384,0.040464833
3,11,-0.113787962963832,0.554126314348013,-1.28061796174861,0.055392292
4,11,-0.113729778481672,0.554284073517643,-1.28056313078408,0.077459459
1,21,0.107487277170011,0.1420199212331,-0.650086612120462,0.081373917
2,21,0.109526888292256,0.136953590189667,-0.648479011031296,0.103229167
3,21,0.111066636771386,0.133842766355086,-0.647737595692378,0.103228292
4,21,0.194506445289894,0,-0.644594945975041,0.687258875
1,21,-0.225673046478251,0.505529504104993,-1.10673641796997,0.041192917
2,21,-0.225779838355613,0.505254664053369,-1.10665439979514,0.066861834
3,21,-0.225767232429516,0.505687625858263,-1.10662862045411,0.11416825
4,21,-0.225762367334685,0.505571624099226,-1.10664372108795,0.1674425
1,21,-0.91698232143233,0.297866258074475,-0.682847097861286,0.110366041
2,21,-0.916628023266912,0.298206558086506,-0.683140672463278,1.269970084
3,21,-0.916462368536212,0.2984376432713,-0.683349434518952,0.87232375
4,21,1,0,-0.806483692289234,0.387960875
1,21,-1,0,-0.205235343291165,0.501883417
2,21,0.249090264525337,0.0224183618708867,-0.826385725300295,0.142328375
3,21,0.246467232638494,0.0194825625312264,-0.825977094226481,0.0814325
4,21,0.246614070258716,0.0195875889355137,-0.825955663052636,0.153199791
1,21,-0.676286369594998,0.736638816720934,-0.925755043533275,0.075206667
2,21,-0.675032189736926,0.737788277772812,-0.924744539093902,0.094743667
3,21,-0.67498320596986,0.737833092005671,-0.924705098192643,0.158281416
4,21,-0.674992068099393,0.737824984669741,-0.924712233686228,0.152451542
1,21,0.749405599673461,0,-0.835786238672069,0.087512292
2,21,0.751274639220417,0,-0.837261320544186,0.115076958
3,21,0.749402215273979,0,-0.835783569068799,0.092878875
4,21,0.749397080578585,0,-0.835779518847711,0.107131541
1,21,-0.238815491139711,0.557728124207196,-1.11917421668659,0.017335417
2,21,-0.238786414770013,0.557632877516672,-1.11922443360637,0.02513675
3,21,-0.238911754805854,0.557540785361762,-1.11912366423728,0.041834959
4,21,-0.238926470080226,0.557708168413514,-1.11907080899792,0.069231791
1,21,0.0568453505479302,0.0453706600485501,-0.668356058031843,0.016186208
2,21,0.0579825286885246,0.0461256523358831,-0.667080154957244,0.034438292
3,21,0.0581278588197728,0.0458882867625441,-0.666990826788995,0.0364395
4,21,0.0581578269641121,0.0459807208136746,-0.666941176061089,0.065726833
1,21,-0.860818118072936,0.508912730826581,-0.666603498952871,0.046795042
2,21,-0.456689996478779,0,-0.641976570786613,0.726168083
3,21,-0.456452374647915,0,-0.641881195330665,0.623883041
4,21,-0.860878018896663,0.508811395883147,-0.666674999007555,0.500399333
1,21,-0.458411170101198,0.520592154000531,-0.782170527155414,0.023570583
2,21,0.792441253177635,0.112554693364286,-1.14255775268782,0.033170208
3,21,0.792101643761155,0.112735188119697,-1.14264710841166,0.051885209
4,21,0.792201889486921,0.112662921054149,-1.14260234006783,0.078572209
1,31,0.184067767173124,0.810480658373339,-0.450408059946706,0.719129917
2,31,-0.478677407900533,0.838646001181338,-0.643519252072851,0.110776167
3,31,0.181600068240627,0.811177788402181,-0.450011626217715,0.868161584
4,31,-0.482665063601589,0.835395521046072,-0.644618630504047,0.679563167
1,31,0.69203742387613,0,-0.544977683677974,0.099638083
2,31,0.692264760211982,0,-0.545107574356085,0.070981084
3,31,0.693278297140802,0,-0.545687444056152,0.1568085
4,31,0.692073084106231,0,-0.544998054250256,0.219101458
1,31,0.773418316738971,0.552651203721268,-0.880800001142395,0.063182959
2,31,0.77343021866074,0.552862524800258,-0.880920270186117,0.079885166
3,31,0.771461436195632,0.553388734536394,-0.879515440793857,0.058695792
4,31,0.773423621766052,0.552796850950203,-0.880880416092677,0.111469541
1,31,-0.153514951387936,0,-0.410968141711845,1.036370042
2,31,0.184294027438295,0.460147604481157,-0.460044658894683,1.625356125
3,31,0.183382821299577,0.458981965928744,-0.459065951044326,0.235528917
4,31,-0.94570008588731,0.325040532169043,-0.554838446091437,0.217488791
1,31,-0.982488919703369,0.186321020446183,-1.06273655474332,0.03346025
2,31,-0.982394601980129,0.186817681176874,-1.06228028054015,0.063044084
3,31,-0.98240868255802,0.186743622205996,-1.062348324254,0.087075166
4,31,-0.982414883778165,0.186710996278032,-1.06237829945041,0.087849375
1,31,0.0526435466790656,0.383221783771433,-0.681002569661475,0.018424792
2,31,-0.929374503335193,0.369138229597617,-0.728654919260406,0.041307
3,31,-0.929421974411409,0.369018689880606,-0.728778195236834,0.054585334
4,31,-0.929365134172291,0.369161817344262,-0.728630593186617,0.081340958
1,31,-0.356738839415337,0,-0.76457008531089,0.024775791
2,31,-0.356325762984302,0,-0.764413089900189,0.061949875
3,31,-0.356894796518261,0,-0.764629408613568,0.159494125
4,31,-0.356997093634529,0,-0.764668335388703,0.206824916
1,31,0.600333219949481,0.617808119597804,-0.510534908773106,0.037947875
2,31,0.600489176453348,0.614726907992323,-0.51257693728985,0.230827125
3,31,0.600482697056102,0.617814578670264,-0.510423274537772,0.081127958
4,31,-0.460649306029519,0.751036836149979,-0.544515193680297,0.180960958
1,31,-0.212983071909627,0.00728372068907049,-0.818980097567649,0.033414083
2,31,-0.212810792780884,0.00727896108685151,-0.819104413634228,0.068638667
3,31,-0.21283002507886,0.00726292283011332,-0.819102336034751,0.101369917
4,31,-0.21297126437444,0.00720941028187119,-0.819041317943258,0.107805375
1,31,0.16272454603215,0.809384522773989,-0.688107482702527,0.049706291
2,31,0.16416069968434,0.81050285434551,-0.687208910355459,0.055608584
3,31,0.164106379504991,0.81044348589276,-0.687259717867466,0.08842975
4,31,0.164229867004105,0.810472010221808,-0.687249522167598,0.149683541
1,41,-0.13595586748588,0.267310944815015,-0.530935731821103,0.099323334
2,41,0.26178206520529,0,-0.549822990652587,0.070840958
3,41,0.261960611728448,0,-0.549805672348186,0.167309958
4,41,0.261855276030582,0,-0.549815882545966,0.172577167
1,41,0.432400229359293,0.564541659134368,-0.572900595081326,0.032250875
2,41,0.432149701963418,0.566688663407823,-0.570792916701747,0.033102125
3,41,0.432169284127949,0.566650113789012,-0.570829130758897,0.054966875
4,41,0.43218328687954,0.566786952260472,-0.57069158018529,0.055052833
1,41,0.891503757170971,0,-0.676538023477095,0.086457625
2,41,0.894912837719212,0,-0.677890281376509,0.128988792
3,41,0.89490610336342,0,-0.677887595862291,0.163051958
4,41,0.894944318687317,0,-0.677902836046239,0.393816833
1,41,-0.477451066300614,0.399551365958315,-0.59008401627068,0.034415292
2,41,-0.477616947261693,0.399821702896552,-0.590284206025217,0.120148042
3,41,-0.477299195726897,0.399557798063083,-0.589934326873679,0.115331958
4,41,-0.477494440454718,0.399843968077514,-0.590165731204545,0.097871083
1,41,-0.844830145132019,0.476387307476888,-0.524033119586914,0.033343333
2,41,-0.121579587589107,0.951399171046023,-0.691285237110189,0.043102959
3,41,-0.124889340695651,0.953917867376862,-0.692169274985432,0.138191125
4,41,-0.121774566044596,0.95149740919366,-0.691317677819318,0.093279458
1,41,0.381984983727819,0,-0.537926261157806,0.134813083
2,41,0.381986387202326,0,-0.537926957930592,0.133777708
3,41,0.383479960759905,0,-0.538670023268928,0.538579458
4,41,0.382104645463907,0,-0.537985678660253,0.848779292
1,41,-0.546233892507237,0.481886875918308,-0.862625971437992,0.015794375
2,41,-0.546167645207512,0.481882522728217,-0.862689653367037,0.036187
3,41,-0.546211372110909,0.481995501379635,-0.862671761928648,0.067899583
4,41,-0.546217488939479,0.4819714161946,-0.862660511821143,0.115561625
1,41,-0.0305782427815173,0.350786066158208,-0.79003876780315,0.036079042
2,41,0.15804003781944,0.652501908037056,-0.792347735670457,0.063727042
3,41,0.158125336657104,0.65295337157433,-0.792281773530377,0.077160542
4,41,-0.0293139946223457,0.352499478094085,-0.78945430617271,0.064918375
1,41,0.512728546395734,0.366860740749121,-0.595308131664444,0.058333417
2,41,0.511575189811342,0.367564493694356,-0.593985929163263,0.050577042
3,41,0.511674052231934,0.36752166461038,-0.594087266998917,0.09963925
4,41,0.511819380854468,0.367675876034611,-0.594087406142694,0.148120292
1,41,0.784129832385455,0.431109543624474,-0.957308311922236,0.025596834
2,41,0.783903634078902,0.431161225871995,-0.957410593299781,0.063860292
3,41,0.784018390578877,0.431177877933016,-0.957400422030716,0.089618791
4,41,0.783857973003606,0.431169672005768,-0.957429312262455,0.11168425
1,51,-0.544330213588386,0.582824168519998,-0.609311229894651,0.030506917
2,51,0.511550861962969,0.112875496916013,-0.620679409309671,0.086466708
3,51,0.511728533948137,0.115073215197544,-0.621443729412664,0.149196708
4,51,0.511631750495494,0.113103339556752,-0.620701633920685,0.14010425
1,51,0.146595576185743,0.497735578954473,-0.409521718091152,1.016792458
2,51,-0.424365285928992,0.905491084494157,-0.505241679096113,1.376875458
3,51,0.143477299348662,0.50159043529491,-0.407120350531715,0.174873209
4,51,-0.17033795269599,0.897037303486386,-0.476252797208221,1.514264208
1,51,0.49862693442131,0.255409591969775,-0.49099199271261,0.049967583
2,51,0.498310523203781,0.255499707330206,-0.490887716067377,0.099247834
3,51,0.497887068963787,0.255734175454019,-0.490634715962458,0.089911292
4,51,0.497669100469798,0.255799450999478,-0.490559984277654,0.102620334
1,51,-0.129579356675227,0.13470688873885,-0.53623144977663,0.04624425
2,51,-0.129510688621378,0.134871076753037,-0.536409390844265,0.125304541
3,51,-0.129499168591347,0.134885061422704,-0.536426641950928,0.064418916
4,51,-0.129518013276709,0.134785746770892,-0.536327391222159,0.094594292
1,51,-0.459461215857668,0.888197833324645,-0.722960883368673,0.208232625
2,51,-0.462524952885364,0.886606264335185,-0.72419261476838,1.46963875
3,51,-0.458439170683983,0.888725788296132,-0.722551196395359,0.404701
4,51,-0.457785163452092,0.889062845991858,-0.722289355150129,0.270260542
1,51,0.71776854160155,0.696281782532894,-0.531110308964486,0.031958875
2,51,0.487916794306487,0.292861207284177,-0.552377294106303,0.432847333
3,51,-0.364916558914236,0.931040227396321,-0.580701730601113,0.124237709
4,51,-0.364893821583965,0.931049138858873,-0.58072044572184,0.17841275
1,51,-0.447906714435527,0.138642003878332,-0.732282165288387,0.044036292
2,51,-0.447870440591295,0.138488885862125,-0.732328981294025,0.048664125
3,51,-0.447801155569525,0.138341490793659,-0.732344512067988,0.14135625
4,51,-0.447883285682908,0.138586760106901,-0.732290154470601,0.152891125
1,51,0.745744812929895,0.441744632327699,-0.454097181834044,0.021048333
2,51,0.749035108946199,0.439671987738069,-0.456121030050075,0.446447
3,51,0.748112743253664,0.440305106494681,-0.455499153387215,0.406073125
4,51,0.460708335627195,0.528031472459443,-0.466049867927073,0.197280125
1,51,-0.067998676454685,0.322904864397526,-0.518458684441492,0.105354875
2,51,-0.0687824520634604,0.323485901848734,-0.517741667647594,0.259179791
3,51,-0.0688628173858706,0.323480087460304,-0.517661143768935,0.212879583
4,51,-0.179389354458981,0.58621450830193,-0.514558393383775,0.172314416
1,51,-0.972169319538123,0,-0.363575561257802,0.198528583
2,51,0.18305649740958,0,-0.467158373766224,0.373949125
3,51,0.183175977969165,0,-0.467242598204155,0.521494125
4,51,0.183205757027271,0,-0.46726359250089,0.631399125
1,61,0.0126932299925938,0.999919437711036,-0.552004511042166,0.084421
2,61,0.396299365923574,0.495993242315203,-0.389201877102445,0.05408975
3,61,0.0152550727599402,0.999883634607092,-0.553639759039859,0.459512417
4,61,0.0125630457956179,0.99992108182613,-0.551921467874935,0.352424416
1,61,0.35080197219546,0,-0.489740196805424,0.037818625
2,61,0.350242396546691,0,-0.489269251218644,0.090674292
3,61,0.35036876678052,0,-0.489375589610215,0.143200125
4,61,0.35021914838362,0,-0.489249689324492,0.184635333
1,61,-0.489412897130631,0.207553668883718,-0.419524483136985,0.021664208
2,61,-0.952965365254866,0.251473794163547,-0.430837615612634,0.061876292
3,61,-0.489780876076644,0.207028016277789,-0.419835482266545,0.331037042
4,61,-0.952366031999169,0.25217738740522,-0.431240439426487,0.366895958
1,61,0.541541816609683,0.15709907277491,-0.495041285898708,0.314840417
2,61,-0.44992583724431,0.420639467396357,-0.519372983336302,0.195045208
3,61,-0.447496996790338,0.420820986146897,-0.52014976043147,0.314091375
4,61,-0.988097359368243,0.153829803385123,-0.51770697955878,0.115057292
1,61,0.574652478970298,0.53749456979281,-0.611620156904139,0.27357425
2,61,0.572263293639926,0.534754109998391,-0.608253300101025,0.067319834
3,61,0.572155031343855,0.534946361389476,-0.60824292988519,0.125922708
4,61,0.57218924109427,0.535050324554846,-0.608320211552142,0.189650208
1,61,-0.360701748254755,0,-0.692484397761096,0.045752583
2,61,-0.360599521011811,0,-0.692389438766126,0.092045667
3,61,-0.360659680534786,0,-0.692445320760545,0.151484958
4,61,-0.360571256814331,0,-0.692363184488231,0.145648833
1,61,-0.569278060107599,0.704183786432144,-0.664936149834459,0.035334208
2,61,-0.569556089236252,0.704253740925429,-0.664890250752875,0.093483667
3,61,-0.569615386152067,0.704218221361105,-0.664930729919593,0.077379208
4,61,-0.569583398080973,0.704236491100989,-0.664909780815232,0.140814667
1,61,0.673803255239654,0.17090906331062,-0.670536605661889,0.527032708
2,61,0.593395907637779,0,-0.670940938447096,0.237093042
3,61,0.592304987601858,0,-0.67003057096164,0.186940958
4,61,0.592985145479271,0,-0.670598096169295,0.363745875
1,61,-0.0718857077574028,0.457132650043806,-0.37977598893846,0.144566375
2,61,-0.273553583981397,0.440902076744043,-0.365348632749426,0.949653125
3,61,-1,0,-0.540784285431793,0.327734792
4,61,-1,0,-0.540784285431793,0.634791333
1,61,-0.56635401854613,0,-0.531552377578054,0.027879334
2,61,-0.566349545397124,0,-0.531555405515566,0.158949875
3,61,0.08131587374153,0.710373947395587,-0.680802666748785,0.106205209
4,61,0.0812147985641949,0.710464074480416,-0.680796153320643,0.110459
1,71,-0.0978722497068788,0.00670093834079514,-0.692231197383094,0.092145792
2,71,-0.0967582529859929,0.00766233205065339,-0.691185051814073,0.129209875
3,71,-0.0944904238280327,0.00965744873122218,-0.68906287550705,0.096973
4,71,-0.0945527443420269,0.00948327371773259,-0.689112560509053,0.152213959
1,71,0.460094849577242,0.617991250850068,-0.464860448291069,0.029930792
2,71,-0.825128397522601,0.401230112368729,-0.477998456831675,0.154571208
3,71,0.454800520235662,0.621547823133255,-0.465982938523163,1.430409917
4,71,-0.824493769221042,0.401983866635537,-0.477447702108344,0.13286575
1,71,-1,0,-0.122576249922461,1.295722833
2,71,0.360283928263829,0.905283083413631,-0.501023511624809,0.069050333
3,71,0.359993317284301,0.90542667816484,-0.500997405614045,0.27421925
4,71,0.360705162352824,0.906246973966549,-0.502066855439566,0.423897667
1,71,-0.391951471871229,0,-0.727577551154145,0.085100667
2,71,-0.392238657630133,0,-0.727484755921949,0.123515292
3,71,-0.392354691359766,0,-0.727447291997106,0.2243825
4,71,-0.392200898673892,0,-0.72749695076849,0.450739542
1,71,-0.543713111155953,0.791904885467922,-0.734151050689419,0.030309042
2,71,-0.543551234407763,0.79194065416671,-0.734094822769609,0.074922583
3,71,-0.543603487777136,0.791940988993089,-0.734123013595221,0.110878625
4,71,-0.543606262931247,0.791936447531916,-0.734120656432155,0.10401975
1,71,-0.246510126949695,0.456807539446038,-0.447514384897523,0.3858385
2,71,-0.24459507496696,0.457216191284867,-0.446730903452895,0.119569959
3,71,-0.242778152718573,0.457660730678878,-0.446040626299359,0.122067
4,71,-0.242819268194441,0.457622581015499,-0.446033245999141,0.112061625
1,71,-0.180407900526986,0.2035048940005,-0.619652474050993,0.028882125
2,71,-0.180248073255187,0.204003383116039,-0.619774037367359,0.0631885
3,71,-0.18032280930345,0.204021095580429,-0.619698178337138,0.0975265
4,71,-0.180263883899037,0.203919114246613,-0.619764633764338,0.108953083
1,71,0.84859453626879,0.20112539163205,-0.565608173909994,0.082573542
2,71,-0.931691420727294,0.363250735089629,-0.668135469178655,0.093091167
3,71,0.848211467586147,0.200087758297453,-0.565229263863118,0.100410333
4,71,-0.931722005174589,0.363172280155635,-0.668192287246639,0.21972525
1,71,-0.354731817633141,0,-0.459989873416686,0.078820083
2,71,-0.354500697509396,0,-0.459850792228939,0.294588792
3,71,-0.356473543901162,0,-0.461040369321439,0.361599125
4,71,-0.354640706770546,0,-0.459935036774983,0.291182041
1,71,-0.172015950292775,0.05932705951726,-0.543434241328153,0.423975334
2,71,-0.17037936496485,0.0644303310460785,-0.543870101279573,0.874210041
3,71,-0.177239374941535,0.0439146904963222,-0.542700380256756,0.069544583
4,71,-0.177525657913171,0.0432480823253517,-0.54273621304296,0.098435625
1,81,0.626320851803505,0.341120119553995,-0.519701100016285,0.05893925
2,81,-0.517594666195687,0.0659006245540214,-0.45284006943383,0.374520333
3,81,0.648397395478134,0.200853953958773,-0.518431591922833,0.170219084
4,81,0.625441376879971,0.346255016084555,-0.520415191285303,0.527210958
1,81,0.503887591811026,0.863769237018131,-0.529694331482733,0.046447166
2,81,0.503049845775292,0.864257399543362,-0.528826709883761,0.093648
3,81,0.502993896988101,0.864289962681925,-0.528768780975054,0.093650292
4,81,0.503255264549003,0.864137800760801,-0.529039414992868,0.135474542
1,81,-0.111798993238206,0.645747491975909,-0.354237818047264,0.850057084
2,81,-0.66610313282303,0.078802382199236,-0.445293923905333,1.113452208
3,81,-0.665362429520388,0.0788442235370554,-0.444682086417647,0.484183083
4,81,-0.78070496526935,0.624899797730631,-0.541658767820939,0.719128834
1,81,-0.320887705042641,0.095049082783011,-0.408939666421503,1.163731042
2,81,0.0647543171837503,0.542453747427641,-0.409244063573294,0.254655708
3,81,0.0662598916530545,0.542300735582922,-0.408894431435095,0.257902542
4,81,0.0636257838139857,0.542534669140951,-0.409541459086828,0.659150459
1,81,0.154188487233273,0.39168174040051,-0.570771793670071,0.108871792
2,81,0.154100565836396,0.391677792182067,-0.570684307069743,0.29114925
3,81,0.15391160490464,0.391705332516772,-0.570501809583368,0.170159458
4,81,0.15329058772814,0.391008193700205,-0.569781457726477,0.293765208
1,81,0.800706658298618,0.123684940343003,-0.372929344261425,0.077596167
2,81,-0.916716265176298,0.399538845622323,-0.443413880028814,0.094717584
3,81,-0.915993262443801,0.40119364795266,-0.44488105350698,0.939582541
4,81,-0.916280916236588,0.400536243729128,-0.444297978939357,0.24268025
1,81,-0.166937437653654,0,-0.301938381362937,0.12852325
2,81,-1,0,-0.259584991156434,1.859621166
3,81,-0.761392653976742,0.411908531586662,-0.40326939477014,0.391777708
4,81,-0.827570299850138,0,-0.372665943123668,0.172040667
1,81,0.929038913348247,0.297450113958711,-0.241693537216687,0.151601333
2,81,-0.721585204916415,0.692325640176453,-0.582980891788814,0.061191542
3,81,-0.721616654621343,0.692292859831084,-0.582984054899653,0.071095875
4,81,-0.721668660004327,0.692238647554122,-0.582989288975865,0.217747667
1,81,0.482544524068558,0.792851145754793,-0.475999629753862,0.058789458
2,81,0.48291055888174,0.793045482082223,-0.476107886554698,0.098358917
3,81,0.482809254012697,0.792932201094413,-0.47601987690009,0.103201958
4,81,0.480818080516893,0.791341540292474,-0.474915954735529,0.09618825
1,81,0.293715844846046,0.644362812689894,-0.606795507070348,0.105438083
2,81,0.295307245270398,0.644606889706552,-0.605533371054167,0.078046375
3,81,0.29668061988689,0.644893107392836,-0.604483030126064,0.093952708
4,81,0.296486152201751,0.644753016848687,-0.604582224221413,0.125783417
1,91,0.199801011706915,0,-0.516709092337458,0.43060525
2,91,0.198634939422529,0,-0.517236638854543,0.075978708
3,91,0.198377272603939,0,-0.517353492707382,0.095605167
4,91,0.198584843862132,0,-0.517259349586254,0.176131667
1,91,-1,0,-0.0454256491411861,0.645788083
2,91,0.233354891883143,0.801955148394001,-0.402830140598411,0.134962958
3,91,0.233099305418392,0.799340471188856,-0.402213305625391,0.090249916
4,91,0.233129254197162,0.79946433916562,-0.402225292995313,0.202298
1,91,-0.194484162099558,0,-0.384624391585937,0.220460584
2,91,-0.194350712321131,0,-0.384553127925348,0.199513209
3,91,-0.197690546287189,0,-0.386346543296248,0.793446125
4,91,0.187392658251963,0.98228508674074,-0.42808200829879,0.18633225
1,91,0.690140832457511,0.0158368997256429,-0.517379299903294,0.031749708
2,91,0.692329100521429,0.0144720643506502,-0.519955589178713,0.179857042
3,91,0.690175751815292,0.0157642207488318,-0.517449308600088,0.068217792
4,91,0.690228660354012,0.0156905420632678,-0.517534695786652,0.104127
1,91,0.1624672893533,0.0779104717531214,-0.459063304282416,0.16786575
2,91,-0.884967216185874,0.465653332723201,-0.605711627992601,0.219122083
3,91,0.163863911337969,0.0787009099978421,-0.458934688292859,0.42152
4,91,0.1641840426166,0.0800200456728746,-0.458287463205467,0.208059667
1,91,-0.315032701915678,0.7890204686362,-0.628611326779454,0.031791042
2,91,-0.315026966291096,0.788913617240759,-0.628561400818244,0.062616291
3,91,-0.315027850391051,0.789033249557436,-0.628622051679913,0.082830625
4,91,-0.315154038465015,0.789143465370946,-0.628570366569846,0.14760975
1,91,0.0871477832011835,0.651146688698143,-0.411741123865589,0.049696542
2,91,0.0867594748431892,0.652246733061811,-0.411228380656158,0.140522833
3,91,0.0867564359595058,0.652166102839292,-0.411234578659553,0.101231084
4,91,-0.931743247290547,0.363117778590454,-0.480376128953639,0.309867167
1,91,-0.176560755722806,0.853423503421943,-0.507075693591968,0.175286458
2,91,-0.51854756289742,0.812323606386079,-0.523281490877517,0.089137958
3,91,-0.520307786332749,0.812736209890354,-0.524295413977955,0.378433667
4,91,-0.518600525672875,0.812356260959897,-0.523330851378473,0.128057
1,91,-0.287730704478554,0.500984433245716,-0.49056598021287,0.137103584
2,91,-0.28547400120351,0.500477680739058,-0.48829506417983,0.143446041
3,91,-0.284045197883442,0.50028139199636,-0.486907441347294,0.0881495
4,91,-0.284162058718024,0.500036788216685,-0.486916385781305,0.170616375
1,91,0.353486534345774,0.804553299228002,-0.650659488107754,0.05291825
2,91,0.352826861737256,0.804308778097224,-0.650679704404096,0.087772417
3,91,0.353003843315008,0.804460546984074,-0.650592577344982,0.113028541
4,91,0.352680098018454,0.804348801764717,-0.650594838154543,0.221506542
1,101,0.460535516546658,0.232354952039806,-0.391098920105483,0.087625667
2,101,-0.936279246239739,0.178858575305246,-0.441767065842733,0.135007042
3,101,-0.936462795792632,0.178181511593551,-0.441159793208596,0.096036958
4,101,-0.9361929022276,0.177956211997519,-0.441192876951126,0.138320167
1,101,-1,0,-0.465253613490127,0.812198792
2,101,0.160301109988309,0.598030211626065,-0.503364024810421,0.128918
3,101,0.159084578746291,0.597897903926806,-0.504389736356304,0.187243292
4,101,0.160310721620702,0.598019048787366,-0.503363656005596,0.186095666
1,101,-0.124480830828785,0.577378439423665,-0.361776077233731,0.685351959
2,101,0.994491733997048,0.059899816888574,-0.601685144488402,0.33648975
3,101,0.994608181791533,0.059743569321519,-0.601538033147077,0.23096825
4,101,0.994553350086115,0.0599713454137344,-0.601640228222131,0.303155541
1,101,0.277879754848991,0.87330802324533,-0.332772566171938,0.078357625
2,101,-0.556080211033063,0.149045516577114,-0.454557880457195,0.063892083
3,101,-0.556579392162306,0.148720279736533,-0.454785431275377,0.128882417
4,101,-0.5562192755128,0.148891096619673,-0.45458508632836,0.104000209
1,101,-1,0,-0.27205896267886,0.886750209
2,101,-1,0,-0.27205896267886,3.069161875
3,101,0.830216676546614,0.450304735637104,-0.440621112457235,0.437199666
4,101,0.708309073503987,0.339938785329076,-0.437170375743134,0.482577125
1,101,0.324716527345246,0,-0.329719993446665,0.11132975
2,101,-0.602260097356411,0.408098726417062,-0.354118193612591,0.069422833
3,101,-0.600545737063669,0.408422325837616,-0.355237523004373,0.150258708
4,101,0.890292859313241,0.455388432720742,-0.390770828279757,0.13248925
1,101,0.514483801638952,0.374231646576091,-0.506018175045438,0.114936667
2,101,-0.901853120006697,0.432042764010909,-0.527742774291119,0.127660167
3,101,0.515136657073699,0.371390964221905,-0.506563833727266,0.642395625
4,101,0.513596652730523,0.378192291627009,-0.505307540189214,0.201163875
1,101,-0.60914988169792,0.758550022900105,-0.432372601127651,0.040379375
2,101,-0.609201978173553,0.758405693277445,-0.432220582373578,0.092906709
3,101,-0.609118319915028,0.758575626871828,-0.432404223211081,0.085765208
4,101,-0.609128669536622,0.758522673924667,-0.432350276183403,0.1625445
1,101,-0.585742819195375,0.0843709531783151,-0.468451027862516,0.077607125
2,101,-0.586655321625138,0.087437322026433,-0.466572034327773,0.090967417
3,101,-0.586007676467798,0.0840019442802784,-0.468905064770612,0.60795325
4,101,-0.586533424513763,0.0873284171905419,-0.466583916445722,0.286401958
1,101,-0.370890526701059,0.733374628499909,-0.450208576285599,0.195169209
2,101,0.763240465420713,0.395182925122571,-0.396534407007673,0.043588708
3,101,-0.368269397012444,0.733233646472334,-0.447684749492804,0.183472291
4,101,-0.369389185985699,0.733375493213171,-0.448789457382411,0.254059125
1,111,0.53907074485535,0.389733831792017,-0.587583695382883,0.081447917
2,111,0.542657297811752,0.388545501973694,-0.585931127585262,0.08667075
3,111,0.542733006529303,0.388563720508493,-0.585865357243874,0.160393625
4,111,0.54295237437088,0.388451042278663,-0.585793666825564,0.187237
1,111,-0.205642030373788,0.610215134645247,-0.36990427066696,0.030066666
2,111,0.0498401358465995,0,-0.479241867228125,0.072346833
3,111,0.0500891558386527,0,-0.479460112816927,0.176122
4,111,0.0497816110785038,0,-0.479190579426416,0.24673225
1,111,-0.585409427729189,0.40410415466992,-0.513500785166424,0.4330145
2,111,-0.584674091461979,0.403975732413182,-0.513114154961529,0.903928125
3,111,-0.581819906675704,0.403606015383673,-0.511523537772513,0.2228435
4,111,-0.577129451224602,0.402441488606141,-0.509358695016082,0.132403959
1,111,-0.204687943735545,0.139424527580319,-0.333355749934677,0.53115175
2,111,-0.205761746604653,0.139683353180145,-0.332439632779952,0.586744042
3,111,0.249956045300335,0.968257184542318,-0.402964164887823,0.625390625
4,111,0.601906590519039,0.0250346713406369,-0.4078682697202,1.563084875
1,111,-0.0674679495354707,0.290486880573309,-0.242342489944273,0.825212709
2,111,-0.167037808238226,0.985950490957315,-0.434873885579485,0.065838209
3,111,-0.164361238710311,0.986400214522286,-0.436529006748266,0.287283667
4,111,-0.167063652369368,0.985946112146606,-0.434857923916051,0.411379417
1,111,-0.211572670429621,0.801526797669691,-0.462539715920407,0.270925916
2,111,-0.211002632734276,0.803013885134947,-0.461817937347247,0.433451292
3,111,-0.211809133770413,0.800094402115369,-0.462928302613681,2.041230166
4,111,-0.211988756624014,0.799946230591848,-0.463122979195253,2.570880042
1,111,-0.221412089207455,0.544909293564542,-0.430267530220445,0.200136875
2,111,0.219253162935546,0.119376671144289,-0.460988931465965,0.575745167
3,111,-0.221030695600522,0.54454383080244,-0.429920656729637,0.302153083
4,111,0.216261253278231,0.112843251589895,-0.457983043569375,0.205037666
1,111,0.0853305070632627,0.108825232345027,-0.365746894392093,0.246507541
2,111,0.101592866279399,0.915647607542705,-0.427598766803663,0.19558925
3,111,-0.537049664216913,0.154351702770607,-0.41349952212848,0.106431916
4,111,0.102667258062044,0.915487610483875,-0.428123016559558,0.614358458
1,111,-0.421568440394972,0.142650730136029,-0.405948231404597,0.171199208
2,111,-0.64779754428185,0.151421171544683,-0.374756123338816,1.282413417
3,111,-0.421557936681164,0.14295422419747,-0.405670613587203,0.437225792
4,111,-0.421500292276201,0.142693542078632,-0.40593395990735,1.442036333
1,111,0.028259178241562,0.797529719105097,-0.41791541097157,0.215704708
2,111,0.0285340960480828,0.797468422440562,-0.417684289214157,0.330971208
3,111,0.0284283704139115,0.797557300545923,-0.417821263010804,1.057514667
4,111,0.397617546195443,0.91755124486729,-0.436415567827484,0.173195542
1,121,0.0514281289773982,0.206164163750535,-0.504837558913093,0.034719334
2,121,0.0514732672838236,0.206202940552267,-0.504848564198231,0.098991917
3,121,0.05143866238739,0.205517195558949,-0.505250371309584,0.174302083
4,121,0.0513634449447541,0.206085495644759,-0.504836240495651,0.192360792
1,121,0.441660244772202,0.247861102048714,-0.528229532195153,0.057525333
2,121,0.442951451818593,0.247770229077201,-0.526935229240403,0.075169625
3,121,0.44299747973458,0.247540890980396,-0.526870489853766,0.069232292
4,121,0.442907437277005,0.247666135338626,-0.526970518890863,0.1035085
1,121,-0.239504900437746,0,-0.453595570900854,0.040952042
2,121,-0.238774133576972,0,-0.453087661268254,0.269973666
3,121,-0.239083257162611,0,-0.453302439122977,0.237225833
4,121,-0.239855159674227,0,-0.453839229486293,0.343619833
1,121,-0.57116368277689,0.193904251321347,-0.361891085107982,0.035425542
2,121,0.423486794112142,0.0794536532635825,-0.419693809739522,0.244872166
3,121,0.430040804267258,0.079107677759072,-0.41714026218233,0.232471542
4,121,0.430190500441222,0.0791044619681212,-0.417087381121395,0.326965125
1,121,0.165659338633156,0.835799606812134,-0.536494945495086,0.104706792
2,121,0.163889829622001,0.836884189356316,-0.534897987672302,0.078275
3,121,0.163929393690441,0.837046026963095,-0.534960416462034,0.167730875
4,121,0.164016040215895,0.836690113978608,-0.534995045136088,0.231995209
1,121,-1,0,-0.110879620415905,1.385981125
2,121,0.251492796718067,0.967859170127,-0.327983422296163,0.61531675
3,121,-0.253707327516459,0.204239845305045,-0.292999064747913,4.217515625
4,121,-0.253238694567765,0.204294204870871,-0.292670526127634,3.149650042
1,121,-0.241233838563897,0.86322548186064,-0.325505260566852,0.156932041
2,121,0.0651369753902903,0,-0.392402601856695,1.473988583
3,121,0.54921769462016,0.536773494541909,-0.353495460380334,1.894452
4,121,0.54918645899644,0.536767762053243,-0.353519711344667,2.53638625
1,121,-0.255750584561995,0.575593646857186,-0.639293692282194,0.030390208
2,121,-0.255564812282774,0.575578203789664,-0.639124544292139,0.072448084
3,121,-0.255983976290864,0.573911433050412,-0.638667593364886,0.08080775
4,121,-0.256028023910594,0.573831549800045,-0.638666662970252,0.128626667
1,121,0.87896883252494,0.435800593202993,-0.531606036481514,0.026313375
2,121,-0.822097718475124,0.164915014120008,-0.481578869419874,0.068153125
3,121,0.874759810604934,0.439274495957885,-0.535365031883562,0.641930125
4,121,0.876119915508473,0.437730355486955,-0.533726628027846,0.261321292
1,121,-0.0204170533550254,0.520833852549277,-0.550540694709315,0.042425709
2,121,-0.0204758719815396,0.520850498963801,-0.550593586473635,0.095342584
3,121,-0.0204542360505891,0.521048231591897,-0.550523861835731,0.118983875
4,121,-0.0204502073282812,0.520985645614782,-0.550535382936047,0.209167834
1,131,-0.536540016943539,0.0534222157314824,-0.305882391687106,0.028740542
2,131,0.524063330824468,0.219510053707207,-0.369703710332299,0.262527833
3,131,0.499025964928548,0.481968724294803,-0.417707544560036,0.205563416
4,131,0.499694499137358,0.482265558984732,-0.417215127535932,0.130834375
1,131,-0.892637651172684,0.10152333815489,-0.376851393405853,0.105328292
2,131,-0.890683369389142,0.103392265724832,-0.378186030838836,0.928409291
3,131,0.40524213624447,0.914209391229394,-0.463634739708677,1.204598417
4,131,0.402213818628437,0.91554576297656,-0.460534848511675,0.189192792
1,131,-0.622019727995374,0.783001569592655,-0.48992572013336,0.061281042
2,131,0.488466476029743,0.702598243692894,-0.486591199637676,1.731163667
3,131,0.488382097629728,0.702084579145798,-0.48624318428596,1.96454025
4,131,-0.621993055998917,0.78302275719747,-0.489918360968139,0.267475417
1,131,-0.343787773418429,0.884559960726358,-0.293785080716552,0.473965458
2,131,0.00918026731928483,0.959660414879955,-0.339456492793948,1.571880792
3,131,0.189126351939083,0.782207628104072,-0.347315840270508,0.3286795
4,131,0.187928689192426,0.783147089776752,-0.346867761669612,0.263468708
1,131,0.0353267551542904,0,-0.352124471928139,0.084105291
2,131,0.0399531290247138,0,-0.348459919194266,0.061939459
3,131,0.0399607559910294,0,-0.348453896766037,0.129000833
4,131,0.0399445516296565,0,-0.348466692178,0.174466
1,131,0.513638766872015,0.154031775246322,-0.338662576393627,0.05931225
2,131,0.5154099439645,0.151633658996963,-0.336723642940232,0.111172125
3,131,0.513540790182107,0.154156384538062,-0.338762425866178,0.258182459
4,131,0.513489792092161,0.154180309395579,-0.338774491485429,0.339061041
1,131,0.611879313857167,0.178886582775482,-0.445755400753942,0.220322916
2,131,0.612902946524674,0.180162440359475,-0.444327157605444,0.13748775
3,131,0.61237942328532,0.17955927928393,-0.445008762531821,0.287585791
4,131,0.612422963301639,0.179595888196748,-0.444965426378456,0.2762885
1,131,0.692432329380183,0.10196391220239,-0.357736598115868,0.394323
2,131,-0.476794942824664,0.740762434875774,-0.419590790720925,0.3144925
3,131,-0.476757749178648,0.740232943627409,-0.419199447504273,0.40806925
4,131,-0.476555279520437,0.739712875873486,-0.418918810895104,0.475844125
1,131,0.851890292422165,0.137822130730343,-0.303430844690498,0.304129958
2,131,-1,0,-0.0518611103221811,2.093169416
3,131,0.147684313660438,0.12553122858131,-0.404644721880298,0.123921416
4,131,0.145811819060008,0.129621020900845,-0.405927663344709,0.155974583
1,131,0.804260035560316,0.348791419640182,-0.402729689568497,0.104522292
2,131,0.231846423845157,0,-0.383107008911207,0.224475375
3,131,0.803268211089746,0.349281841998524,-0.402084667417026,0.226726666
4,131,-0.432070682972905,0.591220616579269,-0.440845065139418,0.309541625
1,141,0.0568511927226072,0.530833106268038,-0.363672262867327,0.117948625
2,141,0.0567327937740047,0.532039530310999,-0.363484336454999,0.408817792
3,141,0.0569408687650656,0.530653118626996,-0.363716911849786,0.181353792
4,141,-0.440806909363146,0.897601954464066,-0.370479697487435,0.370652875
1,141,-0.316275928993553,0.168633066396053,-0.394305142385166,0.432558375
2,141,-0.315904143928346,0.171610531456809,-0.391484264034993,0.058282458
3,141,-0.31608334328779,0.170508849851222,-0.392518451860793,0.182406833
4,141,-0.316203498454887,0.169749514472914,-0.393232271129773,0.582858375
1,141,0.491900150143285,0.523292313975595,-0.346200819884306,0.029289334
2,141,-0.45232352328174,0.532471784503405,-0.362609991347033,0.108807292
3,141,-0.452350086229919,0.532446437324391,-0.362588440562537,0.139356916
4,141,-0.452368126708495,0.532382583503377,-0.362582232297815,0.2033795
1,141,0.87040100202998,0,-0.287341346459783,0.316025333
2,141,0.392248232542514,0.607732031357068,-0.403447164108853,0.235657083
3,141,0.46918093634907,0.441862912960139,-0.396349622041254,0.444597125
4,141,0.390762726785498,0.607745627301622,-0.40491008554923,0.285077666
1,141,-1,0,-0.0794634389634418,1.453117959
2,141,-0.354598818509457,0.167368737436754,-0.324350269807682,0.097545916
3,141,0.298098363576696,0.17170371133553,-0.367103562765467,0.165609458
4,141,0.298289064575232,0.170901298615426,-0.366932350286471,0.334102541
1,141,-0.52716090887961,0.264327273000523,-0.269223371583444,0.098460792
2,141,-0.160769868011042,0.0854386740310474,-0.354647141289604,1.217358958
3,141,-0.161317766375157,0.0872241678680364,-0.353396775367625,0.144000833
4,141,-0.160732200261328,0.0854569290567364,-0.354612173524024,1.424313958
1,141,0.483911578493044,0,-0.440130751717187,0.070688125
2,141,0.487598534307952,0,-0.442413955178356,0.743158291
3,141,0.536957705051961,0.041640004940766,-0.445082709319831,0.252444792
4,141,0.487017807736495,0,-0.442053073532669,0.895886666
1,141,-0.122368225663369,0.178018479897528,-0.247258114507039,0.133570208
2,141,-0.331754898890602,0,-0.276511735601885,0.136924417
3,141,0.990395791737992,0.138261258882146,-0.257653594611965,0.137595875
4,141,0.473557351743159,0.678745613327848,-0.270281615813845,4.471668
1,141,0.496495644202422,0.638837707070019,-0.40136104699659,0.175609333
2,141,0.491596323694803,0.637207988364791,-0.400603830309066,0.089669125
3,141,0.490147798196542,0.637297123628313,-0.399889697892185,0.125387
4,141,0.490163867671537,0.637331769792404,-0.399866173086562,0.086843833
1,141,-1,0,-0.0238290168674783,0.474509416
2,141,0.721773668334126,0.444323442977814,-0.446054311100049,0.14549925
3,141,0.721296255379318,0.443661024370612,-0.446394665183606,0.280491042
4,141,0.723234770868206,0.446259903820392,-0.445099097921492,0.143739375
1,151,0.782152959293676,0.139024439498472,-0.269598075951855,0.426925292
2,151,0.0618514793422214,0.106804336788791,-0.360011898773156,0.10303675
3,151,0.0655995236355545,0.111793023336524,-0.361482936416405,1.231813042
4,151,0.0596780928843428,0.103891296973539,-0.359190386375626,0.17761375
1,151,-1,0,-0.206861886258448,1.129831209
2,151,0.403753656689765,0.17316859948282,-0.334200971338576,1.133577417
3,151,0.544142707067883,0,-0.314487300666953,0.378258625
4,151,0.405335644762497,0.17275420229856,-0.33277044809387,0.254482042
1,151,-0.109863918203909,0.019200801170948,-0.225157158261013,0.12825425
2,151,0.515970763062403,0.177573453467787,-0.379443063525798,0.089830958
3,151,0.515740978125754,0.178852119415493,-0.380009820209408,0.620068084
4,151,0.51604300342923,0.177570492103386,-0.379372685143023,0.380653625
1,151,0.497034746157519,0.103675174431977,-0.481381179624292,0.050831167
2,151,0.496974199628304,0.103468336996779,-0.481381561468586,0.099475458
3,151,0.496936242334882,0.103701958770375,-0.481483243965198,0.139007291
4,151,0.496844440124583,0.102985837801383,-0.481371799718368,0.171923958
1,151,-1,0,-0.32902236289852,0.929075583
2,151,-1,0,-0.32902236289852,4.314163666
3,151,0.403609963985034,0.839953019727625,-0.232027363836376,2.73053375
4,151,-0.177723552549711,0.960078646426773,-0.315406878900863,0.439933709
1,151,-1,0,-0.198282557096206,1.029893916
2,151,0.0899847335771603,0.970503537057097,-0.331234163194353,0.505310708
3,151,-0.893591675896154,0.133348965772533,-0.357968502373303,0.66682175
4,151,-0.881007118337174,0.112847662873479,-0.356769411783587,0.447437542
1,151,-0.365014950873266,0.84034529262344,-0.591634744599848,0.054055916
2,151,-0.365043475160946,0.840251839721305,-0.591648066320151,0.077706958
3,151,-0.364769604600013,0.844989265411135,-0.590825446073635,0.084057458
4,151,-0.365064827008747,0.840183172591988,-0.591658252777774,0.207256875
1,151,0.595053296988483,0.191666411883203,-0.27876428374053,0.118799708
2,151,-0.372621300540813,0.0045202196100723,-0.369351335425017,0.205734959
3,151,0.596836596769688,0.192103182594703,-0.276949219322275,0.211670542
4,151,-0.372562391128601,0.00359454536399672,-0.369389730534182,0.259929541
1,151,-0.484295140905791,0.725213775356252,-0.42726372467176,0.07146425
2,151,-0.483543722470958,0.72963086634016,-0.425945114660936,0.121109375
3,151,-0.484223809417234,0.725227984205988,-0.427320788187433,0.388894417
4,151,-0.483645421956422,0.7294887328482,-0.425917500957228,0.17771475
1,151,-0.697416260039026,0,-0.45530544286607,0.034502125
2,151,-0.699323614468172,0,-0.45577150504289,0.096151291
3,151,-0.699613722736659,0,-0.455843050523014,0.200821292
4,151,-0.699384422589411,0,-0.455786486962143,0.157883667
1,161,0.878820243779795,0.195459630053112,-0.312314977751274,0.119251625
2,161,-0.505642186604502,0,-0.354974839857162,0.13635575
3,161,-0.505679383996583,0,-0.355000672640498,0.3076325
4,161,-0.505515310912057,0,-0.354886742619673,0.399494583
1,161,-0.290079823228918,0.121239124655273,-0.558080207509894,0.375183416
2,161,-0.292659199225548,0.121295707049327,-0.556236176623538,0.103810875
3,161,-0.291842476921997,0.121296109410397,-0.556831959371218,0.224948375
4,161,-0.292782295974204,0.121420036655911,-0.556231623159972,0.247505334
1,161,-0.105655458958081,0.812989645784577,-0.451417059841955,0.147815459
2,161,-0.105707071566864,0.81268701469323,-0.451436364564373,0.2546555
3,161,-0.109398771448589,0.808481593388596,-0.448838615825289,0.26351925
4,161,-0.106518382919522,0.811942245998637,-0.45081911871087,0.457881084
1,161,-0.0692744422456881,0.216058788085894,-0.345491658830407,0.163217708
2,161,0.823472295783215,0,-0.244485025884883,1.424066917
3,161,-0.0698831737107348,0.218981012333779,-0.342792410570849,0.162599209
4,161,-0.0703113744074852,0.219234864480474,-0.342646795217905,0.243570625
1,161,0.433892733551073,0.318569086895055,-0.357787546711279,0.078022459
2,161,0.434965366130639,0.31823362962393,-0.358258622278044,0.2031285
3,161,0.434793272293286,0.318261793007066,-0.35816384104823,0.206661125
4,161,-0.205812280422004,0.84551609684165,-0.338904523007562,0.229178541
1,161,0.437663689757561,0.86170181702692,-0.361568022813922,0.174347
2,161,0.438025765058488,0.857537133114623,-0.359962603283877,0.131211416
3,161,0.437475281413648,0.863513210646388,-0.362251844520388,1.21438175
4,161,0.437564721339279,0.855508268469796,-0.358627416782399,0.181814458
1,161,-0.0553144068162901,0.68068407535714,-0.351466259250342,0.691339083
2,161,-0.0550420628336318,0.681462206591639,-0.352050731995035,3.581882208
3,161,-0.239040747700913,0.518879001428004,-0.362446202353424,0.84860175
4,161,-0.246153707792879,0.518595035445269,-0.360401664754663,0.368148875
1,161,-0.337837621938289,0.941204409893559,-0.464217693483781,0.089352541
2,161,0.703991290298911,0.111186569331614,-0.311690566234995,0.742601084
3,161,-0.338139877803902,0.941095862831605,-0.464182282004393,0.255376125
4,161,-0.338058098478136,0.941125242490789,-0.464191851908183,0.475702333
1,161,0.14488877666289,0.749408350427302,-0.321277904425116,0.040979834
2,161,-0.550006344768752,0.334245335920171,-0.410771313572853,0.8031065
3,161,-0.533382141511162,0.31696195233971,-0.408445001786416,0.126791416
4,161,-0.53295571792713,0.316523991186426,-0.408407651272172,0.11134475
1,161,0.301823507222858,0,-0.348756709802038,0.094341625
2,161,-0.240374599781059,0.839127289210842,-0.346963788504091,0.221675167
3,161,-0.239796681497746,0.840783044780941,-0.346705402972485,0.193698291
4,161,-0.239766382169827,0.839527192854756,-0.34644010143354,0.256257125
1,171,0.113965609614814,0.993484695314993,-0.382137222623012,0.755624875
2,171,0.113931438073092,0.993488614639643,-0.382171570663729,0.426442833
3,171,0.116598352362781,0.99161672002377,-0.379398270137856,0.145404333
4,171,0.116424791489188,0.991639185338404,-0.37957283079565,0.226416625
1,171,0.73751619376163,0.657133879964893,-0.376154539933045,0.10449775
2,171,-0.336957206047385,0.298717690486506,-0.384308674262852,0.053045
3,171,-0.336823242234795,0.298868302238446,-0.384192232502178,0.094888667
4,171,-0.336805084994154,0.298811374523126,-0.384167868538396,0.160689333
1,171,-0.804967065425087,0.264307558972421,-0.25626470175583,0.373056375
2,171,0.710926687381679,0.00023312151843159,-0.427300118176742,0.108100125
3,171,0.711293322178329,0,-0.427709184522539,0.181398416
4,171,0.710965927591923,0.000259500543158766,-0.427330451885948,0.183802417
1,171,0.17580089776146,0.180575710949805,-0.298493235156397,1.297098292
2,171,0.654457952522977,0.527846340307101,-0.303367601414967,0.1256625
3,171,0.652405049614587,0.528934221003694,-0.30523493871523,0.847867458
4,171,-0.813271059053882,0.389318378771895,-0.355976524744235,0.367017291
1,171,-0.792195796267479,0,-0.42194460120623,0.371188625
2,171,0.251830982461325,0,-0.386399207657101,0.145918292
3,171,-0.789731507139555,0,-0.420234424251717,0.288216333
4,171,-0.789697840666692,0,-0.420211112134571,0.779890959
1,171,-1,0,-0.205091601261926,1.961841291
2,171,-0.182709221360378,0.760051872841685,-0.213323952264826,3.643518541
3,171,0.0637112717519124,0.323843220547023,-0.245030410497101,4.606585167
4,171,0.928603033585344,0.3710746636677,-0.370402209872479,1.256286709
1,171,0.340403072431378,0.292321968843726,-0.31640780217094,0.078316333
2,171,-1,0,-0.147181254822825,1.811597083
3,171,-0.330843216287698,0.492559951468944,-0.353272305892744,0.23472175
4,171,-0.330949892868094,0.491985727338008,-0.353668097178993,0.296345875
1,171,0.483654490902824,0.539753085833888,-0.411540660159552,0.807644
2,171,0.480910491387497,0.538855745701089,-0.409248485063243,0.142676167
3,171,0.480914806517607,0.538778656623782,-0.40927823746875,0.218888333
4,171,0.480926436850538,0.53865557391205,-0.409330235994057,0.31152925
1,171,-0.393564491333304,0.262274314928279,-0.406492406836827,0.756033958
2,171,-0.395524411079152,0.261766470534614,-0.406037414960861,0.499370042
3,171,-0.397364002227052,0.261254899152074,-0.405584201393288,0.266678458
4,171,-0.400788306930436,0.260352882203138,-0.404813406771123,0.218335292
1,171,-0.92451587259108,0.381143544254857,-0.313359934155036,0.0783095
2,171,0.291520364447531,0,-0.322484475807345,0.157048542
3,171,-0.327230341784465,0.194604043573555,-0.313585231409007,0.877548959
4,171,0.291374448356706,0,-0.322558026827929,0.521633667
1,181,0.295971085480691,0.597183383470887,-0.26455651375474,0.032181959
2,181,-0.489188708577466,0.0689202506333775,-0.442030164142352,0.104818042
3,181,-0.805116813651474,0.277856701728922,-0.405872649206371,0.288529042
4,181,-0.490661624684355,0.0763749177289271,-0.443931356680243,1.06540575
1,181,0.0696741469065474,0.155512185257557,-0.268544219707646,0.61752725
2,181,-0.464366435192804,0.106817475365212,-0.277977769720417,0.271208375
3,181,0.810639205970094,0.292020265609718,-0.333285102483995,0.338933834
4,181,0.811278503548964,0.296370856290579,-0.331801407257317,0.389904125
1,181,-0.295854961930346,0.427155534199121,-0.400842976213951,0.117586667
2,181,0.485078508696709,0.779390124004664,-0.431788120627507,0.22980825
3,181,0.48514050869447,0.782185554129544,-0.430728328544147,0.119129584
4,181,0.485110294444958,0.782152207241291,-0.430768426714335,0.205863709
1,181,0.58280899118616,0.40829150654192,-0.443662357618327,0.084924708
2,181,0.581592706295,0.407475264700439,-0.442336365739639,0.108378542
3,181,0.581527785967723,0.407588871928783,-0.442289354070644,0.14785675
4,181,0.581572120456869,0.407627685923229,-0.442339049111337,0.14467875
1,181,-0.612525544309139,0.0651011382512796,-0.350496317924739,0.040908958
2,181,0.945594053398715,0.29180322498993,-0.364068575715122,0.1206285
3,181,-0.155862255918172,0.661327262887857,-0.405578401983062,0.472300958
4,181,-0.158932446488999,0.662931994870332,-0.403677834927581,0.271445875
1,181,-1,0,-0.110460534731724,1.110755375
2,181,-0.0702292381193055,0.2282286431902,-0.313681978516074,0.501239958
3,181,-0.0707226634052877,0.22824277715444,-0.314157088050339,0.965407833
4,181,-0.0695015622086191,0.228151554829885,-0.312964572784692,0.675702375
1,181,-1,0,-0.237878335106682,1.666476334
2,181,-0.701836414071425,0.168032785316375,-0.429141362572731,0.220585083
3,181,-0.697336476083424,0.164032433191923,-0.43258757314085,0.763137958
4,181,-0.699914786073848,0.166342855182334,-0.430587857886118,0.264768625
1,181,-1,0,-0.2102514169263,1.123557041
2,181,-0.381394525389871,0.804407710330914,-0.250281556253352,1.57289625
3,181,-0.72344653597574,0.0505129227951396,-0.353474775831683,0.892836083
4,181,-0.674712132361916,0,-0.346495962758267,0.365824708
1,181,0.220644815990359,0.507215668950786,-0.332765774168144,0.036849125
2,181,0.219206721016412,0.507489517917209,-0.333305910693817,0.125163125
3,181,0.21934402058525,0.507447464479725,-0.333238484477543,0.293859041
4,181,0.212257743972647,0.507701768874977,-0.334907325632087,2.284087584
1,181,0.657982902016226,0.132693225512907,-0.34115136253494,0.379156792
2,181,0.707138874406934,0.393011953943733,-0.327751493850009,0.131097542
3,181,0.660094003412255,0.135538620271201,-0.338372327024409,0.151804792
4,181,0.108489570935948,0.703006849198524,-0.351855271469634,0.231908833
1,191,-0.0186839836089374,0.85114200856153,-0.337463094719799,0.341819375
2,191,-0.596705147066605,0.610088370887827,-0.345821617757999,0.328048167
3,191,-0.59802032924391,0.610742225180552,-0.345146777109232,0.276587209
4,191,-0.597988157755869,0.610859164100577,-0.34524197004273,0.32504
1,191,0.903898343164822,0.41982597891794,-0.410511015306576,0.041835333
2,191,0.901328756843608,0.417804387152468,-0.412476759600715,0.293973375
3,191,0.898293174831378,0.416881717812022,-0.41301816480886,0.818985792
4,191,0.903943882016467,0.419782746367668,-0.410555363161525,0.211864834
1,191,-1,0,-0.136515148580336,1.102312459
2,191,-0.774257940530337,0.515461477216719,-0.349851123246236,0.109211125
3,191,-0.775364088343532,0.516053026469355,-0.349768135598205,0.097307625
4,191,-0.775359810073311,0.516053445260603,-0.34977236635016,0.111381417
1,191,-0.335574312728798,0.4703807121165,-0.380802185223405,0.072008459
2,191,-0.338616358941478,0.472154257019757,-0.383684292132527,0.6355635
3,191,-0.33560745673042,0.470423849727898,-0.380855191768782,0.14927425
4,191,-0.335761989577439,0.470460581484601,-0.380952808495659,0.206589875
1,191,0.876468153523439,0.0203346795474528,-0.216059878736633,0.34261075
2,191,0.876311673631706,0.0200276656791545,-0.215723318603325,1.173596709
3,191,0.0770217054605651,0.500980441242837,-0.334814184030156,2.434157125
4,191,0.0798842955613342,0.497148122548688,-0.332225556816018,0.295621875
1,191,-0.401282426823514,0.630025759295484,-0.426794438034599,0.0441085
2,191,-0.390999602335534,0.626454218023135,-0.428837263664241,0.389594833
3,191,-0.401659697468275,0.630186102010358,-0.426750163933552,0.197374875
4,191,-0.401826991987243,0.63038933290389,-0.426846028203677,0.277450167
1,191,-0.816290255109979,0.38668221081994,-0.359846074217395,0.223785416
2,191,0.335471429839267,0.831071829064422,-0.37176954204474,0.881926584
3,191,0.334750493217267,0.834428176626724,-0.368869539748588,0.145043791
4,191,-0.579385854447757,0.245437150554958,-0.378046341812579,0.307901375
1,191,0.068485043628382,0.250746004503341,-0.434328041955625,0.027708583
2,191,0.0681411530009942,0.248678390022537,-0.436346410065879,1.127704333
3,191,0.0682530456478451,0.249343458226504,-0.435696561297592,0.315023292
4,191,0.0683620102050187,0.250504137986462,-0.434599263311593,0.194257708
1,191,0.430333717117973,0.470695234324195,-0.45009963022317,0.067018166
2,191,0.430416889241014,0.470760314660869,-0.449998628819861,0.132148125
3,191,0.430340136115003,0.470787136750077,-0.45005270021782,0.216261625
4,191,0.432143953865496,0.466160319331124,-0.450749140941149,0.367869917
1,191,-1,0,-0.0804125118321952,2.066881958
2,191,0.24428807311883,0.969702705643276,-0.389503156708694,0.175965917
3,191,0.968215375028215,0,-0.349811199515326,0.910297042
4,191,0.965576620379696,0,-0.347947495111681,0.600239625
